timestamp,odom_x,odom_y,true_x,true_y
46.554,2.1165329016527884e-05,1.3952439687035429e-05,2.1180661776686805e-05,1.397049142532774e-05
46.628,2.1344265091820217e-05,1.4162160194223817e-05,2.1369837020295158e-05,1.4191962350579903e-05
46.728,2.160009304005965e-05,1.4458399551313833e-05,2.162568913781094e-05,1.448780525539454e-05
46.828,0.03243180963604491,-0.0006723683301851166,0.03743049757104728,-0.000801875613994439
46.928,0.08241405984427966,-0.001965208044037102,0.08741220742488362,-0.002094476375939259
47.028,0.13239556768244964,-0.003258016504482024,0.13739372298868874,-0.003387307299839934
47.128,0.18237715766587553,-0.004550932511204552,0.18737531468544233,-0.004680226314108463
47.228,0.2323588099628401,-0.005843812528105271,0.23735697419084817,-0.005973089780879064
47.328,0.2823404768624493,-0.007136606758845203,0.2873386693653415,-0.007265901096186401
47.428,0.3323221772031918,-0.008429360320673224,0.3373203330682563,-0.00855863221411512
47.528,0.3823038369995875,-0.009722038220397548,0.3873019999688669,-0.009851297812484807
47.628,0.43228551185112907,-0.011014665335720753,0.4372836939655854,-0.01114392153606323
47.728,0.4822675775672632,-0.01230742037479548,0.48726579134876447,-0.01243673510145036
47.828,0.5322497794656261,-0.013600470162746684,0.5372479311200288,-0.013729829239758283
47.928,0.5822312717515387,-0.014893868745492936,0.5872294258487939,-0.015023207063917512
48.028,0.6322133435157857,-0.016187668091102236,0.637211500484484,-0.016317041875957033
48.128,0.682194880873768,-0.017481429911051723,0.6871930372467432,-0.017610802067322014
48.228,0.7321765083612636,-0.018775139127560774,0.7371746639663961,-0.018904497910537416
48.328,0.7821581585863228,-0.02006876184721158,0.7871563234018443,-0.02019811602305801
48.428,0.8321402080290912,-0.02136255318072639,0.8371383494087523,-0.02149194815885008
48.528,0.8821216926682857,-0.02265641212460582,0.8871198439784156,-0.022785802076686915
48.628,0.932103229568587,-0.023950291176741446,0.93710138575404,-0.024079674277633186
48.728,0.9820848465498768,-0.02524410563100696,0.9870830071799479,-0.025373477302803663
48.828,1.032066487172575,-0.026537818555044123,1.0370646756242288,-0.02666719794160761
48.928,1.0820481525814305,-0.02783148891624146,1.0870463074438996,-0.027960840699748905
49.028,1.1320297886873742,-0.029125068107038056,1.1370279542122852,-0.029254421399589864
49.129,1.1870096218620747,-0.030547961275543344,1.1870096218620747,-0.030547961275543344
49.228,1.231993531277391,-0.03171235940794949,1.2369916734874653,-0.03184174270532854
49.328,1.2819750476931153,-0.03300613444457821,1.286973204019814,-0.03313550518220941
49.428,1.3319566836208048,-0.03429993371546307,1.3369548349604876,-0.03442929400220933
49.529,1.3869365031310694,-0.035723081766447715,1.3874363181227594,-0.03573601659158782
49.629,1.4369181406244016,-0.037016764959281405,1.437417958695724,-0.037029702893361195
49.728,1.4819016211758447,-0.03818104255696495,1.4868997813081988,-0.038310399426233835
49.828,1.5318832679568677,-0.03947463215600267,1.5368814518091274,-0.03960400235279694
49.928,1.581865352906649,-0.04076845684080727,1.5868634934214512,-0.04089784259860176
50.028,1.6318468690598429,-0.04206227600497691,1.6368450514376662,-0.04219167689851147
50.128,1.6818285126092078,-0.043356182002331926,1.6868266704384416,-0.04348556447333465
50.228,1.7318101455200863,-0.044650049065867774,1.7368083088641768,-0.044779433810051124
50.328,1.7817917818676727,-0.04594385624788418,1.7867899486627277,-0.046073232935993455
50.428,1.8317734324111792,-0.04723761336649651,1.83677162111905,-0.047366996583664965
50.528,1.8817550955548017,-0.048531334915349736,1.8867532505780116,-0.04866069298633405
50.628,1.9317370600599673,-0.04982540788163067,1.9367352132404274,-0.04995480465073824
50.728,1.9817186599649568,-0.05111941807976216,1.9867168205613726,-0.05124881534658153
50.828,2.031700648136574,-0.05241375484554122,2.0366987932235197,-0.052543182024260955
50.928,2.0816823319418685,-0.053708166860547316,2.086680472450887,-0.05383762023064602
51.029,2.136661988933315,-0.05513209759123957,2.137161806241623,-0.05514504370480094
51.128,2.1816454392530655,-0.05629714444128744,2.186643616704099,-0.05642660660721106
51.228,2.2316274294631366,-0.05759181604864637,2.2366255613911186,-0.05772130691212155
51.328,2.281608874999227,-0.05888655090923289,2.2866070236108453,-0.05901602921249053
51.428,2.3315903856021674,-0.06018132861283927,2.3365885392971815,-0.06031080289221052
51.528,2.3815719981913714,-0.0614760545802989,2.3865701508538666,-0.06160552519396267
51.628,2.43155395981572,-0.06277113965222454,2.4365521087195994,-0.06290063232236588
51.728,2.4815355062972615,-0.06406614620107674,2.4865336637011746,-0.06419565155994822
51.828,2.5315171129932983,-0.06536120236003116,2.5365152948258296,-0.06549072040094418
51.928,2.581498747013166,-0.06665624391282021,2.586496895932291,-0.06678574509611451
52.028,2.631480352095215,-0.06795120677399527,2.636478512231258,-0.06808070310856718
52.128,2.681461966816407,-0.06924611508694899,2.6864601277258084,-0.0693756010249011
52.228,2.7314439612275474,-0.07054131211267897,2.7364421060800854,-0.07067082340563571
52.328,2.7814260438298493,-0.0718368367760606,2.786424185906061,-0.07196640240339232
52.428,2.8314075101198233,-0.07313251291367806,2.836405659317919,-0.07326208024269122
52.528,2.8813894582861206,-0.07442849431584425,2.8863875966053336,-0.07455809236845339
52.628,2.9313712028807988,-0.07572460698542072,2.9363694430754728,-0.07585427347673192
52.728,2.981352725636592,-0.07702092817533376,2.986350874719869,-0.07715055677644848
52.828,3.0313344236922837,-0.07831751443289703,3.036332563467078,-0.07844716108338168
52.928,3.0813158748536233,-0.07961403977695397,3.086314023023121,-0.07974369284953392
53.028,3.131297419975238,-0.08091058943821874,3.136295569894916,-0.08104023615123002
53.128,3.1812789937958557,-0.08220708039854137,3.1862771762641366,-0.08233674085521743
53.228,3.2312605901594247,-0.08350352908651987,3.236258738292396,-0.08363316082047959
53.328,3.2812421601418933,-0.08479989193413856,3.2862403199865295,-0.08492952620424016
53.428,3.3312237401291616,-0.08609621222556331,3.3362218979117997,-0.08622583893572126
53.528,3.3812057247055307,-0.08739265950320008,3.386204087162291,-0.08752233491014949
53.628,3.4311873874059575,-0.08868940920867667,3.4361855328381017,-0.08881908407951476
53.728,3.4811688882809175,-0.08998615468953507,3.486167041386026,-0.09011582206542147
53.828,3.53115044456055,-0.09128286876647851,3.536148624172592,-0.09141256718757407
53.928,3.581132026333052,-0.0925795536879422,3.586130180829001,-0.09270921355760292
54.028,3.6311139696247747,-0.09387651480227324,3.6361121118694486,-0.0940062022418669
54.129,3.681096096029331,-0.09517369184714439,3.6860942310395113,-0.09530346145076478
54.228,3.7310774724742117,-0.09647117355908888,3.7360756162304347,-0.09660092059121081
54.328,3.7810589581576846,-0.09776865435678359,3.786057132207359,-0.09789841813799939
54.428,3.831040518593304,-0.09906613448242033,3.836038666120493,-0.09919586874839754
54.528,3.8810224519910177,-0.10036384704801807,3.886020586768354,-0.10049361349877563
54.628,3.9310039069657368,-0.10166154070826254,3.9360020503090354,-0.10179131226697677
54.728,3.980985442049887,-0.10295930787270509,3.9859835840350413,-0.10308908174710353
54.828,4.030966963446459,-0.10425703581869578,4.035965114504379,-0.10438680198609343
54.928,4.080948504192009,-0.10555471861570072,4.085946654363405,-0.10568447558051484
55.028,4.130930069513102,-0.10685235340931144,4.135928212330479,-0.10698211318355741
55.128,4.180911606102071,-0.1081499291035626,4.18590975290457,-0.10827967457992198
55.228,4.230893479834626,-0.10944789721392173,4.235891623742455,-0.10957768590518008
55.328,4.280874990834773,-0.1107457835423685,4.285873140613862,-0.11087557261885994
55.428,4.330857110423828,-0.1120440870486729,4.335855242389638,-0.11217392313610826
55.528,4.3808384987430795,-0.1133424509845688,4.385836642191889,-0.1134722929757767
55.628,4.430819991082695,-0.11464085719485889,4.435818159158117,-0.11477070600990127
55.728,4.480801529100335,-0.11593923646979995,4.4857996712617565,-0.11606905962473422
55.828,4.530783444713717,-0.1172378597042267,4.5357815805499415,-0.11736771460562609
55.928,4.5807648821062665,-0.11853645169022686,4.585763022705066,-0.11866631339448663
56.028,4.630746378876359,-0.11983507646509571,4.635744532273501,-0.11996493815870261
56.128,4.680727899650183,-0.12113364742933269,4.685726069344596,-0.12126350707066283
56.228,4.73070944013019,-0.12243217013693425,4.735707585505698,-0.12256202649085891
56.328,4.780690951816021,-0.12373062540622531,4.785689102651791,-0.12386047061954308
56.428,4.830672673847397,-0.12502907686933254,4.8356710028251575,-0.12515903998212766
56.528,4.880654308044396,-0.12632788231926684,4.885652450750991,-0.1264577530447349
56.628,4.931031397636069,-0.1276362051425677,4.9360790449143925,-0.127767283806912
56.728,4.981907384975872,-0.12895640282769347,4.98700501984663,-0.12908866139714364
56.828,5.033282941091294,-0.13028987790802546,5.038430539275459,-0.13042344186788427
56.928,5.085208274577239,-0.13163640691465775,5.090405863564203,-0.13177115937671025
57.028,5.137634010679271,-0.1329961024186969,5.142881570319606,-0.13313215023049677
57.128,5.190559323948953,-0.13436824433388783,5.195856868015158,-0.13450559220980204
57.228,5.243933944884297,-0.13575206371922946,5.249281475369585,-0.13589064256196115
57.328,5.297808526689374,-0.13714771385008198,5.3032060567919235,-0.13728749566243986
57.428,5.3521830211487185,-0.13855640917855874,5.35763051688454,-0.13869749919687813
57.528,5.407107685752743,-0.13997898948456924,5.412605208257481,-0.14012135677506804
57.628,5.462481814546798,-0.14141349886696064,5.468029266477787,-0.14155717377000918
57.728,5.518355899739794,-0.14285966493344213,5.523953344805775,-0.14300451620958216
57.828,5.574729640900542,-0.14431816969025946,5.580377082566604,-0.14446421674062912
57.928,5.63160325634355,-0.14578951692706327,5.637300663718981,-0.14593687199070568
58.028,5.6890268765175485,-0.1472749499440617,5.6947742591591295,-0.14742357614999235
58.128,5.746950235550622,-0.14877181866816835,5.752747609975213,-0.14892161330102652
58.228,5.805373659412977,-0.15028150686818,5.811221009070581,-0.15043253863813144
58.328,5.864296582250255,-0.15180268430637814,5.870193935874881,-0.15195490293352074
58.428,5.923719285037628,-0.1533371123220029,5.92966660511928,-0.1534906405002826
58.528,5.983592084619987,-0.1548817605398756,5.989589403801297,-0.15503646669072657
58.628,6.04396478865489,-0.1564380130527566,6.050012094952212,-0.15659386625344232
58.728,6.104837033998132,-0.15800743195496256,6.110934305491189,-0.15816459042400854
58.828,6.166209335555455,-0.1595883367054753,6.1723566059213475,-0.15974666734936094
58.928,6.2281311973113525,-0.1611838846389031,6.234328431080463,-0.16134351745775138
59.028,6.290553213779532,-0.1627920073025067,6.296800439965655,-0.16295291319623179
59.128,6.353475083211448,-0.16441149459823523,6.35977230043385,-0.16457355099389348
59.228,6.416896761440498,-0.16604238815712433,6.423243964009925,-0.16620558300693092
59.328,6.48076830368455,-0.16768345791636866,6.487165493567279,-0.16784779081179804
59.428,6.545139705591136,-0.16933588149577666,6.5515868813395635,-0.1695013468741809
59.528,6.610060954790839,-0.1710007906868152,6.616558114492982,-0.17116738167666182
59.628,6.67548205515963,-0.17267695223117055,6.682029200190772,-0.17284466991748515
59.728,6.741403011705737,-0.17436436311824252,6.748000142428891,-0.17453320507182002
59.828,6.807773834631513,-0.1760618252520143,6.814420952835551,-0.1762317929600777
59.928,6.8746945122374195,-0.17777168435574023,6.881391614897429,-0.177942767327986
60.028,6.942115043991226,-0.17949269328601408,6.948862132285764,-0.17966489254664333
60.128,7.00998544269113,-0.18122368057047114,7.016782518901489,-0.18139699811141632
60.228,7.0784053389323365,-0.18296903269621323,7.085252375486545,-0.18314364286974022
60.328,7.147325368238187,-0.18472549002678174,7.154222407306512,-0.1849012417517865
60.428,7.2166952893497935,-0.18649196902679144,7.223642317929104,-0.1866688339006262
60.528,7.286614705428357,-0.18827278457629545,7.293611694366044,-0.1884509399895814
60.628,7.356984220215015,-0.19006345122272073,7.364031220480261,-0.1902427345467904
60.728,7.427903143665791,-0.19186917193131112,7.435000093154055,-0.19204985513814576
60.828,7.499272290361019,-0.19368533666491503,7.506419245055586,-0.1938671938459587
60.928,7.571141041238272,-0.19551487780704238,7.578337957205452,-0.19569804258515386
61.028,7.643509812559038,-0.19735722765106467,7.650756719130622,-0.1975416799542354
61.128,7.716378533263376,-0.19921082092101028,7.723675438893649,-0.19939639681559893
61.228,7.789796707211481,-0.20107879490377928,7.797143573031262,-0.2012656681513449
61.328,7.863715049499999,-0.20295780537419975,7.871111919952025,-0.20314580659562612
61.429,7.94558013766304,-0.20503693440457058,7.946324823200935,-0.20505584305453292
61.528,8.013001022076788,-0.20674963590037065,8.020497841577566,-0.20694002731985398
61.628,8.088368895300746,-0.20866262635641972,8.095915721077628,-0.20885414414077066
61.728,8.164236674362073,-0.21058661669678636,8.171833487833196,-0.21077922593113138
61.828,8.240653981037795,-0.21252500037690017,8.24830075179531,-0.21271891448283692
61.928,8.317571212043013,-0.21447623119633571,8.325268015338228,-0.21467148973352873
62.028,8.394938370722217,-0.2164392280491301,8.402685110958386,-0.21663573812996853
62.128,8.47280541561432,-0.21841326562248647,8.480602158005539,-0.21861088392685862
62.228,8.551222353500672,-0.2203993215398467,8.559069082262996,-0.22059801196653725
62.328,8.630088792512721,-0.22239710312825975,8.63798547972581,-0.22259709225225668
62.428,8.709455148396609,-0.22440794299345626,8.717401822075303,-0.22460924247779965
62.528,8.789371124661795,-0.22643373774006603,8.797367768667705,-0.2266364121683676
62.628,8.86973716352391,-0.22846948890906893,8.877783868110443,-0.22867331026715346
62.728,8.950653401402509,-0.23051873660367606,8.958750092508945,-0.23072375624100402
62.828,9.032019022238519,-0.23257994563213708,9.040165615142403,-0.23278628131881252
62.928,9.113934507116808,-0.23465328410478437,9.122131104128066,-0.23486072999430171
63.028,9.196299806117466,-0.2367371658307738,9.204546401602979,-0.23694571692929917
63.128,9.279165245670564,-0.23883127639880036,9.287461826080916,-0.23904089061839018
63.228,9.362580552133817,-0.24093716543120267,9.370927119232384,-0.2411478341770644
63.328,9.446445461862492,-0.24305472779279352,9.454841987317549,-0.24326669425511036
63.428,9.530810474088277,-0.24518481449727483,9.539256994516304,-0.2453980397709705
63.528,9.61567472242402,-0.24732807312307048,9.624171205572297,-0.24754261979006906
63.628,9.701089316769899,-0.249483643319226,9.709635795227054,-0.24969929653053463
63.728,9.787003747614984,-0.2516513622892861,9.795600210433422,-0.2518681721842682
63.828,9.87341808216709,-0.2538295394282623,9.88206454784774,-0.25404743291489973
63.928,9.96028227593262,-0.25601707452221967,9.968978733999394,-0.2562360282499966
64.028,10.047695987046902,-0.2582189650176146,10.056442399056362,-0.2584392303736559
64.128,10.135609801544224,-0.26043162163976624,10.144406223030746,-0.2606529792845989
64.228,10.224023191749154,-0.2626575713217393,10.232869571389166,-0.2628802427658755
64.328,10.312936703481856,-0.26489427996476744,10.32183309265535,-0.26511803860763605
64.428,10.40234975090811,-0.26714432726321247,10.411296094239182,-0.26736941158874444
64.528,10.492262549912727,-0.26940769515413476,10.501258899708336,-0.2696341645766038
64.628,10.582625473820368,-0.27168104250297154,10.591671840719304,-0.2719086140361977
64.728,10.673538375663004,-0.2739661260205611,10.68263470191782,-0.2741947043889992
64.828,10.76490115255702,-0.27626033946751544,10.774047467527309,-0.27648995005509186
64.928,10.856763841406696,-0.2785648443175443,10.865960127570903,-0.27879547105591157
65.028,10.949176325048398,-0.28088212906027993,10.958422599997538,-0.28111389241379026
65.128,11.042038509652151,-0.2832088490249734,11.0513347878344,-0.28344167977977397
65.228,11.1354503364325,-0.28554962050391236,11.144796562544304,-0.2857837813635934
65.328,11.229312358113544,-0.2879018731687388,11.23870856830931,-0.28813733091643634
65.428,11.323673986393972,-0.29026492371251983,11.333120192037201,-0.2905014291006427
65.528,11.418585517718558,-0.2926391748589994,11.428081715067988,-0.29287664938660757
65.628,11.513997299082414,-0.2950251581742958,11.523543473975355,-0.29526377259794045
65.728,11.609908822791445,-0.29742109685889856,11.619504991771942,-0.29766075177824486
65.828,11.706269790143594,-0.2998270293368053,11.715915942533503,-0.30006775497886784
65.928,11.80313105867849,-0.30224442618749764,11.81282727515172,-0.30248639858619103
66.028,11.90049182632462,-0.3046748286960953,11.910237940542329,-0.3049180852594569
66.128,11.998402654719708,-0.30711922729221447,12.008198743728187,-0.30736381233169613
66.228,12.096813092718921,-0.3095745151683263,12.106659179876793,-0.309820118087648
66.328,12.195723445381551,-0.31203963203742235,12.205619525314074,-0.3122861928445933
66.428,12.295083652429328,-0.31451419631049116,12.30502973603599,-0.3147617893503728
66.528,12.394994048418615,-0.3169993759668923,12.404990133951703,-0.3172479587584076
66.628,12.49496664502042,-0.319261596523412,12.504965688813236,-0.31944077811467575
66.728,12.594963488210974,-0.3206410939615318,12.604963825336053,-0.3207286701706322
66.828,12.69496914194498,-0.3211107314930534,12.704969893202815,-0.3211078065383738
66.928,12.79497564333656,-0.32066804052578607,12.804976022245171,-0.3205732387418151
67.028,12.894974244194737,-0.3193105749936254,12.904973359494814,-0.3191245404423559
67.128,12.994956737596205,-0.3170346595006491,13.004953768568386,-0.316756291842052
67.228,13.094914364069734,-0.3138375760779086,13.104908437937786,-0.31346700229556046
67.328,13.194838565042064,-0.30971668979055544,13.204828805263274,-0.3092537771870094
67.428,13.29472060914957,-0.3046692710178141,13.304706163557295,-0.3041134345571996
67.528,13.39455183194026,-0.2986925570624412,13.404531819498905,-0.2980437953080053
67.628,13.494323486372512,-0.29178753560777565,13.504297045340643,-0.29104604435796827
67.728,13.594026987511306,-0.28395569614588134,13.603993258546364,-0.2831215694150855
67.828,13.693653750950052,-0.27519797576996824,13.703611876760343,-0.27427132709492874
67.928,13.793195211179636,-0.2655156219922274,13.803144336411197,-0.26449658386178426
68.028,13.892642829385242,-0.25491001475416286,13.902582103378707,-0.25379873157504257
68.128,13.991988126487032,-0.24338264234928528,14.001916702128582,-0.24217926855571287
68.228,14.091222627374488,-0.23093510700368508,14.101139658010572,-0.2296398100402905
68.328,14.190337885856207,-0.21756914121771656,14.200242530514789,-0.2161821014015628
68.428,14.289325519399853,-0.20328659667575832,14.299216940934686,-0.20180800506164073
68.528,14.388177159023925,-0.18808944091047955,14.398054522040649,-0.1865195011195882
68.628,14.486884586605365,-0.1719798721748301,14.496747093734726,-0.17031882935125642
68.728,14.585439801266402,-0.15496027833420808,14.595286632865447,-0.15320834908880457
68.828,14.683834538523195,-0.1370328041660805,14.693664868183452,-0.13519020968946158
68.928,14.782060556067252,-0.11819972485342446,14.79187356264566,-0.11626670066543585
69.028,14.88010966762245,-0.09846346256895641,14.889904535536203,-0.0964402584782386
69.128,14.977973681902823,-0.07782657813671195,14.987749582922618,-0.07571346857949934
69.228,15.075645552364687,-0.056292144969794324,15.085401946272379,-0.054089453914039534
69.328,15.173118840583314,-0.03386313576262442,15.182854947711352,-0.03157114220883302
69.428,15.270377482118755,-0.010545829822722973,15.280091791832298,-0.008168191648355446
69.528,15.367427529832126,0.013606498839670678,15.377121034325198,0.01606761426223328
69.628,15.46426649443131,0.03859182274499053,15.473938525840547,0.04113601048932703
69.728,15.560887790896157,0.06440595618179558,15.570537701723033,0.06703278962524889
69.828,15.657284968862626,0.09104469273744155,15.666912106818202,0.09375376229600972
69.928,15.753451694606879,0.11850388445523304,15.763055464449026,0.12129477502355993
70.028,15.84938182017861,0.14677959142460514,15.858961566283426,0.14965192519912024
70.128,15.945068810581194,0.1758680526249921,15.954623888952591,0.17882146217717
70.228,16.04050619112409,0.20576567263891632,16.050035951979996,0.20879979570479248
70.328,16.135687496706787,0.2364687064068817,16.145191298227996,0.23958315358291232
70.428,16.230606437912606,0.2679731451641374,16.24008366468471,0.27116751434365344
70.528,16.32525684284817,0.30027506523097897,16.334706875596915,0.30354896942537063
70.628,16.419632533337197,0.3333705897913141,16.42905475294557,0.33672364593030235
70.728,16.513727252828293,0.367255995797534,16.52312103083581,0.3706878384533616
70.828,16.607534781215378,0.40192759737783473,16.616899502577105,0.40543785525043724
70.928,16.701049007024455,0.43738167276932727,16.710384082271737,0.44096996161061974
71.028,16.794264718525035,0.4736140408928553,16.803569674743223,0.477279919328336
71.128,16.887176315838452,0.5106204903373764,16.8964504222731,0.5143635833388613
71.228,16.979775152435106,0.5483987181861408,16.98901756713411,0.5522189965821087
71.328,17.07205377183838,0.5869479518525783,17.081263648345086,0.5908452852419492
71.428,17.164004391734405,0.626267812818817,17.173181220436817,0.6302421122207348
71.528,17.255620225465933,0.6663566114000906,17.26476312033269,0.67040775633521
71.628,17.346894625443372,0.7072130387329565,17.35600307095603,0.7113407865542648
71.728,17.437822002088122,0.7488338865255204,17.4468954440302,0.7530378618791291
71.828,17.5283969235412,0.7912150706929697,17.53743482589772,0.7954948364724582
71.928,17.618614098358155,0.8343520418864881,17.6276159404559,0.8387071194447118
72.028,17.708468338215745,0.8782398721639313,17.71743360695249,0.8826697762248967
72.128,17.797930069587295,0.9228973804247198,17.806853595650427,0.9274059388494462
72.228,17.886989349016098,0.9683322689234327,17.89587368083371,0.9729183287501807
72.328,17.975654333006347,1.014539252363189,17.984498933350697,1.0192021708639247
72.428,18.063919547599088,1.0615119273347282,18.072723873737864,1.0662510547391808
72.528,18.151779618612775,1.1092436761802749,18.16054314797054,1.1140583337069327
72.628,18.23922965714316,1.1577273834608193,18.24795193742563,1.1626168208945031
72.728,18.326265241398993,1.2069555151460167,18.334945841867874,1.211918985540952
72.828,18.412882363317156,1.256920884903007,18.4215209217687,1.2619577083090452
72.928,18.49907702075264,1.3076163316901241,18.50767308203366,1.3127257421830676
73.028,18.584845152256538,1.3590340626845394,18.593398377409834,1.3642152589804781
73.128,18.670183535803265,1.4111663465724584,18.678693647524618,1.4164185671862644
73.228,18.755089902163196,1.4640047411278616,18.763556699185138,1.469327089006632
73.328,18.83956279470062,1.5175403160835799,18.84798596070326,1.5229318085225232
73.428,18.92360756428307,1.5717646324817116,18.931988001263672,1.577224675593796
73.528,19.00721281442788,1.6266697972367916,19.015548901947906,1.6321974294543322
73.628,19.090369100336687,1.6822416974950536,19.098658614418905,1.6878351482869363
73.728,19.173039909874156,1.7385044807260235,19.181279961889373,1.7441700214079798
73.828,19.25521669482554,1.7954822193541906,19.26340692347573,1.8012190089771396
73.928,19.336892124386704,1.8531741321462702,19.345031179615482,1.8589828934639594
74.029,19.426149668046836,1.917449844397134,19.426958007224233,1.918037944811489
74.128,19.498729180610322,1.970660079129101,19.506768316731627,1.9766068957078395
74.228,19.578891071681515,2.030438856178297,19.586879001415173,2.0364546131597336
74.328,19.6585383228855,2.090906620961912,19.66647429973027,2.0969911615346457
74.428,19.737662347447696,2.1520615590872425,19.745545616081667,2.1582149273054703
74.528,19.816250769313612,2.2139021574371314,19.824079467930236,2.220123892954277
74.628,19.89428893778325,2.2764295282662195,19.902062150556468,2.282720258183001
74.728,19.97176756900129,2.3396471958420006,19.97948450816724,2.346006989282565
74.828,20.048684253833088,2.4035520557909544,20.0563449894087,2.4099797985323574
74.928,20.12503577092931,2.468131479744183,20.132639515467762,2.474626309600011
75.028,20.20081387431026,2.5333811049822668,20.208359945442652,2.53994273138537
75.128,20.276010817578705,2.599297622137029,20.283498198319815,2.605925816259699
75.228,20.350617872636114,2.6658775585952306,20.358045830966496,2.6725719330732147
75.328,20.42462742868771,2.733118762935904,20.43199533735628,2.739879226175713
75.428,20.49803435440988,2.8010194808998436,20.50534175302532,2.807845580033808
75.528,20.57083362842879,2.869573883021751,20.578079793428593,2.8764651767928564
75.628,20.643016571646303,2.938779702584403,20.65020060055707,2.9457360620223234
75.728,20.71457399030873,3.0086358537592135,20.72169500680333,3.015657198174381
75.828,20.785497549945102,3.0791386058554187,20.79255481205635,3.086223981320043
75.928,20.855783019941047,3.150276264156072,20.86277642825652,3.1574245809534363
76.028,20.925429149754233,3.222039136154688,20.932358578206813,3.229249437285111
76.128,20.99443527623384,3.2944172475324316,21.001300684363695,3.3016885007294037
76.228,21.062801054520296,3.367400182352226,21.06960249026552,3.3747313423760996
76.328,21.130526522167482,3.4409784057928516,21.137263868812457,3.4483693917474327
76.428,21.19760809007562,3.5151507811195795,21.204280438938,3.5226003047132166
76.528,21.264038088556525,3.589908005201117,21.270645030859583,3.5974152824585386
