,5cm,10cm,15cm,20cm,25cm,30cm,37cm
0,0.0342649519443511,0.0990087687969207,0.1416052728891372,0.185129627585411,0.2327795624732971,0.3127480447292328,0.3782028555870056
1,0.0669664815068245,0.0967760533094406,0.1465369164943695,0.1736281514167785,0.2446919381618499,0.3204395473003387,0.3881697654724121
2,0.0603432431817054,0.0882833451032638,0.1512044072151184,0.2067051827907562,0.2559600472450256,0.3016742467880249,0.3739014565944671
3,0.061685424298048,0.1143269911408424,0.1444202065467834,0.1978213787078857,0.2542442381381988,0.2954061925411224,0.3710643053054809
4,0.0604812130331993,0.084623321890831,0.1320903301239013,0.1849068850278854,0.2499739825725555,0.2987077534198761,0.3628209829330444
5,0.0581266805529594,0.0959044396877288,0.1713525801897049,0.1775448769330978,0.2564552426338196,0.2809802591800689,0.3723624050617218
6,0.0451098643243312,0.0834420546889305,0.1422217190265655,0.1784840077161789,0.2436467558145523,0.2971784770488739,0.3589057028293609
7,0.0567945539951324,0.0797738507390022,0.1458710581064224,0.1913166791200637,0.258940577507019,0.2868563234806061,0.3713452816009521
8,0.0441410578787326,0.0792953521013259,0.1635752916336059,0.1808895468711853,0.2513848841190338,0.298161119222641,0.3613168597221374
9,0.0402195081114769,0.0966569408774375,0.1216663941740989,0.1863230466842651,0.2507185339927673,0.2944765090942383,0.3798877298831939
10,0.0477534383535385,0.0965933576226234,0.1442480981349945,0.1753035336732864,0.2517442405223846,0.3068795502185821,0.3638726770877838
11,0.0395564138889312,0.1035902947187423,0.1613392382860183,0.1782101690769195,0.2689566612243652,0.3005512058734894,0.3779087960720062
12,0.0660065039992332,0.0978944078087806,0.1429168730974197,0.188100516796112,0.2456134706735611,0.2944428324699402,0.3529011607170105
13,0.0569623187184333,0.1090638637542724,0.1413923054933548,0.1783741265535354,0.2362797558307647,0.2776476144790649,0.3632978498935699
14,0.0632276982069015,0.0950746834278106,0.1657309085130691,0.1946156322956085,0.2412094175815582,0.3012681305408478,0.378993958234787
15,0.0407762974500656,0.0854171141982078,0.165296584367752,0.1823108792304992,0.2448516190052032,0.2984353303909302,0.3700127005577087
16,0.0493388548493385,0.093559555709362,0.153790146112442,0.1793881505727768,0.2492811530828476,0.2901384830474853,0.3748472929000854
17,0.0435140505433082,0.1000415757298469,0.1503258794546127,0.1933714896440506,0.2506874799728393,0.3041743636131286,0.3594582974910736
18,0.0568623803555965,0.0938856825232505,0.1492884159088134,0.19766865670681,0.2439880818128585,0.2888794839382171,0.3775260746479034
19,0.0554783456027507,0.1028478816151619,0.1585567742586136,0.1917281448841095,0.2455172389745712,0.2992136478424072,0.3623027205467224
20,0.0555213987827301,0.1148838847875595,0.1368955224752426,0.1948976069688797,0.2381087243556976,0.3097926676273346,0.3643656075000763
21,0.0380992703139781,0.1063719913363456,0.1532175242900848,0.194047212600708,0.2296218276023864,0.2833060622215271,0.3657072782516479
22,0.058249793946743,0.112058475613594,0.1411948502063751,0.2095406502485275,0.2412814497947693,0.2985711693763733,0.3677405118942261
23,0.0564537458121776,0.0943973958492279,0.1582151353359222,0.1864133924245834,0.2584787011146545,0.301039844751358,0.3698315620422363
24,0.0394630841910839,0.1156076341867446,0.144680917263031,0.1919061541557312,0.2465775460004806,0.2978458702564239,0.3545403182506561
25,0.0538523271679878,0.1139679625630378,0.1448208093643188,0.196064218878746,0.248017281293869,0.3130868375301361,0.3653784096240997
26,0.0566693283617496,0.1001130491495132,0.1398038864135742,0.1997111737728119,0.247748002409935,0.2944563031196594,0.3523243963718414
27,0.0420890152454376,0.095396839082241,0.1551225483417511,0.2074781209230423,0.2542979121208191,0.2950654625892639,0.3568690121173858
28,0.065244436264038,0.1041109710931778,0.1547657549381256,0.2018345594406128,0.2337485402822494,0.2839474380016327,0.3583254516124725
29,0.0596961714327335,0.1132436245679855,0.163024440407753,0.1797324270009994,0.2430019080638885,0.2932852506637573,0.3487352132797241
30,0.0530658140778541,0.0879740789532661,0.153342992067337,0.2004129886627197,0.2304373830556869,0.2961340546607971,0.3843297660350799
31,0.0452640354633331,0.109899066388607,0.1534117311239242,0.1851762235164642,0.2562290728092193,0.2962885797023773,0.3771772384643554
32,0.0553489364683628,0.091366596519947,0.1372202932834625,0.1710142642259597,0.2541311383247375,0.3111815154552459,0.3642002642154693
33,0.0518509708344936,0.0939676091074943,0.1429620087146759,0.1992567181587219,0.2460631132125854,0.2910949289798736,0.3618519604206085
34,0.0487665943801403,0.0974168926477432,0.1516395509243011,0.1819326132535934,0.2471468895673751,0.2908491492271423,0.374248594045639
35,0.0495791994035244,0.0976862609386444,0.1534985601902008,0.1919324100017547,0.2650864720344543,0.3092467486858368,0.3716822266578674
36,0.0552686154842376,0.1061287075281143,0.153460144996643,0.1877150386571884,0.2469994276762008,0.3072701692581177,0.3818409442901611
37,0.0384805239737033,0.1048999279737472,0.1389991492033004,0.1755659729242324,0.2429138571023941,0.2983171641826629,0.3527307212352752
38,0.0401083379983902,0.1075093224644661,0.1359160542488098,0.1795201003551483,0.2517139613628387,0.298958271741867,0.380897045135498
39,0.0414058677852153,0.1043862998485565,0.1575564593076706,0.1934520304203033,0.240610584616661,0.2995608150959015,0.3698076605796814
40,0.0596814081072807,0.0908079892396926,0.1350912451744079,0.1753643751144409,0.2298992425203323,0.2924657166004181,0.3816727697849273
41,0.0361433401703834,0.100194551050663,0.1523388922214508,0.1875068694353103,0.2353213727474212,0.3144023716449737,0.359445184469223
42,0.0504268333315849,0.1000714600086212,0.1460607051849365,0.1882006525993347,0.265974760055542,0.298942893743515,0.3697409033775329
43,0.0502521395683288,0.0870655328035354,0.1391802132129669,0.2108443528413772,0.2631397247314453,0.2982874512672424,0.3862855136394501
44,0.0333625599741935,0.1159453317523002,0.1536745578050613,0.202500894665718,0.251234620809555,0.2797334492206573,0.3790085315704345
45,0.0553983896970748,0.1187704503536224,0.1439861804246902,0.1873710453510284,0.2318288832902908,0.3033745586872101,0.3584352433681488
46,0.0586464703083038,0.0820672884583473,0.1444913446903228,0.2008221298456192,0.2357194721698761,0.2991524636745453,0.3849104940891266
47,0.0422088764607906,0.1031431928277015,0.1597830802202224,0.1846847385168075,0.2490818053483963,0.2928004860877991,0.3689159750938415
48,0.0503586716949939,0.1119259223341941,0.1466560214757919,0.1959903538227081,0.2639455199241638,0.2953077256679535,0.3606026768684387
49,0.0453577041625976,0.0805659890174865,0.148583248257637,0.1876470893621444,0.2559572160243988,0.2912608385086059,0.3727810680866241
50,0.0448218248784542,0.1080517023801803,0.162503644824028,0.1901060789823532,0.2430782169103622,0.3130099773406982,0.3674638867378235
51,0.0405205786228179,0.0965625718235969,0.156847134232521,0.1949019581079483,0.2460313439369201,0.3050175607204437,0.3756584227085113
52,0.052121490240097,0.1129996478557586,0.1519113183021545,0.2142789810895919,0.2483391016721725,0.3043071627616882,0.3560202419757843
53,0.0512356013059616,0.0820562168955802,0.1500531733036041,0.171906977891922,0.2556461691856384,0.3126371800899505,0.3723400235176086
54,0.0618396438658237,0.0900525897741317,0.1510606110095977,0.1895086616277694,0.2409780770540237,0.2929008603096008,0.3625625967979431
55,0.0311565864831209,0.0999569445848465,0.1424862295389175,0.1745170652866363,0.2583564817905426,0.300729751586914,0.3473896980285644
56,0.0518623180687427,0.1115818545222282,0.1608104705810547,0.1971228271722793,0.2230165153741836,0.2898503243923187,0.365602046251297
57,0.0431225188076496,0.0974532440304756,0.1349535137414932,0.1989939510822296,0.2513143420219421,0.3121933937072754,0.377533346414566
58,0.0438835322856903,0.0879285708069801,0.139903262257576,0.1769813597202301,0.2438859045505523,0.2967672944068908,0.3587097525596618
59,0.0449852608144283,0.0945560783147811,0.1434833705425262,0.188517615199089,0.2265235781669616,0.2987591028213501,0.3723985254764557
60,0.0287159830331802,0.0934440121054649,0.1398906111717224,0.1914515346288681,0.2540014684200287,0.3006917834281921,0.3600170314311981
61,0.0352334305644035,0.0938440337777137,0.1466938406229019,0.1641107499599456,0.2532475292682647,0.3101167976856231,0.3800661563873291
62,0.0574943199753761,0.1045073419809341,0.1458945274353027,0.2011802494525909,0.2347525507211685,0.3148555159568786,0.3579550087451935
63,0.0657576620578765,0.0894258692860603,0.153280034661293,0.1830624043941497,0.2440596669912338,0.2955475449562073,0.3733075857162475
64,0.0605532489717006,0.0875135585665702,0.1464515626430511,0.1838255226612091,0.2247178703546524,0.2954198718070984,0.3694041669368744
65,0.0336586013436317,0.0928294286131858,0.1347254663705825,0.1945997923612594,0.2474623769521713,0.3064227700233459,0.3849778175354004
66,0.0690537467598915,0.0936677306890487,0.1329357624053955,0.1856371760368347,0.2428381145000457,0.2866970002651214,0.3959612846374511
67,0.0440853685140609,0.0928754955530166,0.1430206894874572,0.1954565793275833,0.2500143349170685,0.2893319427967071,0.3676777780056
68,0.0524859242141246,0.1082914918661117,0.1539086401462555,0.2025072872638702,0.2361749559640884,0.3000171184539795,0.3795482218265533
69,0.0583836399018764,0.101857416331768,0.1602272391319275,0.1963492929935455,0.2541301548480987,0.2914868891239166,0.3664363622665405
70,0.0422147549688816,0.0970827043056488,0.1388794481754303,0.1956572830677032,0.2415595352649688,0.291611760854721,0.3615764379501343
71,0.0448580235242843,0.1093607023358345,0.1614837646484375,0.1686776876449585,0.2280574887990951,0.316373199224472,0.3769129514694214
72,0.044722881168127,0.1089062467217445,0.173523724079132,0.1646118760108947,0.2298066020011901,0.2990840971469879,0.3638556599617004
73,0.0587789379060268,0.0982978269457817,0.161828726530075,0.1789995282888412,0.2577376365661621,0.2986909449100494,0.380510538816452
74,0.0548348389565944,0.1051541194319725,0.1349649727344513,0.1784127354621887,0.2553195357322693,0.3045815825462341,0.3761722147464752
75,0.0461194701492786,0.0951794162392616,0.1443049758672714,0.1842522472143173,0.234066754579544,0.3077245056629181,0.3721958696842193
76,0.0445131585001945,0.0863075479865074,0.1641113460063934,0.1756958663463592,0.2503313422203064,0.3056273460388183,0.3719332218170166
77,0.0457116104662418,0.083519123494625,0.1471385359764099,0.1935710310935974,0.2433474957942962,0.3030969500541687,0.3551004528999328
78,0.0417211577296257,0.0929488167166709,0.1601189374923706,0.2015891969203949,0.2446165531873703,0.302573561668396,0.3537984192371368
79,0.0400330834090709,0.0908327922224998,0.1473306268453598,0.1870499700307846,0.2457000464200973,0.3154832124710083,0.3716195523738861
80,0.0451971367001533,0.0747957453131675,0.1337624490261078,0.1804728955030441,0.247285321354866,0.2982584834098816,0.3818972408771515
81,0.0562362633645534,0.1068542376160621,0.1392747610807418,0.1872372180223465,0.2629841864109039,0.3005042672157287,0.3664781749248504
82,0.0581025816500186,0.1023607701063156,0.149910494685173,0.1891913115978241,0.2479736506938934,0.2995048463344574,0.3757966160774231
83,0.0592361539602279,0.0929028838872909,0.1614694595336914,0.1910716146230697,0.2536852955818176,0.3035118579864502,0.3659956455230713
84,0.0467723086476326,0.0937988013029098,0.163938283920288,0.175881415605545,0.2327455282211303,0.3026462495326996,0.3621779382228851
85,0.0160350445657968,0.1077634245157241,0.145208865404129,0.1831371933221817,0.2506271004676819,0.2941507697105407,0.3584858179092407
86,0.0524606220424175,0.0778098329901695,0.1457155346870422,0.1834017485380172,0.2467579543590545,0.3099554777145386,0.3521004617214203
87,0.0523217916488647,0.0996657833456993,0.1546133011579513,0.1724672466516494,0.2545783817768097,0.2937647998332977,0.3767693936824798
88,0.0382053442299366,0.1179060265421867,0.1353563964366912,0.2085165232419967,0.2531757652759552,0.3163248598575592,0.3883577883243561
89,0.043613277375698,0.0935603529214859,0.1478255242109298,0.1775068640708923,0.2384314835071563,0.3053614199161529,0.3668350279331207
90,0.0417155213654041,0.0886698812246322,0.1551686823368072,0.1855719536542892,0.2625412940979004,0.2910094857215881,0.3582996726036072
91,0.0507600419223308,0.0820478200912475,0.1469080448150634,0.2081474065780639,0.2721075415611267,0.3034128844738006,0.3758267760276794
92,0.0481486096978187,0.0884664133191108,0.1595013886690139,0.1807843595743179,0.2375399023294448,0.3016743063926697,0.3617784380912781
93,0.0535182282328605,0.085596352815628,0.1592168807983398,0.1994038820266723,0.2267714887857437,0.2944803535938263,0.3772705495357513
94,0.0543000176548957,0.1026153713464737,0.1439372897148132,0.1916608363389969,0.265895277261734,0.2875691652297973,0.3723742663860321
95,0.0718803331255912,0.1007582172751426,0.1526600420475006,0.1971445530653,0.2484571635723114,0.3058406412601471,0.3740287721157074
96,0.0449060909450054,0.1024273633956909,0.1608723104000091,0.1963346600532531,0.24278324842453,0.2863793671131134,0.3615336418151855
97,0.0418219268321991,0.095798835158348,0.152414470911026,0.1816280335187912,0.2521853148937225,0.2956528067588806,0.3767842948436737
98,0.0554915033280849,0.1147015690803527,0.132485419511795,0.1840408444404602,0.2478686869144439,0.285267174243927,0.3632191121578216
99,0.0427297390997409,0.0986456647515297,0.1523662805557251,0.1969472914934158,0.272256076335907,0.3064017295837402,0.355034202337265
100,0.0387303866446018,0.1153731122612953,0.1498053669929504,0.1993950754404068,0.2592543661594391,0.3001596629619598,0.3881944417953491
101,0.07167898863554,0.0973692759871482,0.1472681015729904,0.1829570829868316,0.2407426834106445,0.3042702972888946,0.3775780797004699
102,0.0510952994227409,0.0952955484390258,0.1353486478328704,0.1599763482809066,0.2402001470327377,0.288335770368576,0.3762025237083435
103,0.0420434698462486,0.1230391785502433,0.1541940569877624,0.195466086268425,0.2401779592037201,0.2850669324398041,0.3718641102313995
104,0.050496581941843,0.1084849312901496,0.150689035654068,0.2075165659189224,0.2498657256364822,0.2993477582931518,0.3633568286895752
105,0.0416034311056137,0.0889666154980659,0.1548450589179992,0.1613268852233886,0.2490580976009369,0.2975291013717651,0.3564115464687347
106,0.0464076772332191,0.0956732258200645,0.1511900871992111,0.1894605457782745,0.2463360726833343,0.2972181439399719,0.373085618019104
107,0.0568222478032112,0.0978938266634941,0.1488209515810012,0.1859176009893417,0.2312815636396408,0.2907727658748626,0.3762393295764923
108,0.0475325584411621,0.1019823551177978,0.157686710357666,0.1912976503372192,0.2291902750730514,0.2991780340671539,0.3739673197269439
109,0.0495069064199924,0.080009713768959,0.1619526743888855,0.1889018565416336,0.2405409216880798,0.301868587732315,0.363862931728363
110,0.0496869683265686,0.1062314957380294,0.1488499790430069,0.1844945549964904,0.2526779770851135,0.3056279122829437,0.3832417726516723
111,0.0638283267617225,0.0950729921460151,0.1590107977390289,0.1760842353105545,0.2499063909053802,0.301044762134552,0.3803469538688659
112,0.0515802353620529,0.0980069562792778,0.1540513336658477,0.1809697896242141,0.2295294553041458,0.2953692078590393,0.3807945847511291
113,0.0522632747888565,0.1051738113164901,0.1446175873279571,0.184515044093132,0.2616845369338989,0.2885261476039886,0.3678313493728637
114,0.0460591353476047,0.0951772257685661,0.1365642100572586,0.202740877866745,0.2542935609817505,0.3019264340400696,0.3408359587192535
115,0.0544019639492034,0.1089201867580413,0.1865044385194778,0.1738578677177429,0.2627108991146087,0.2972352802753448,0.3684455156326294
116,0.0404552444815635,0.1060255095362663,0.1395018249750137,0.2062185406684875,0.2533708810806274,0.3031477332115173,0.3732411563396454
117,0.0501500330865383,0.1044672280550003,0.1490651369094848,0.194403126835823,0.2484183758497238,0.2993728220462799,0.3608803451061249
118,0.0413761846721172,0.102966122329235,0.1444547325372696,0.1917487531900406,0.2369623333215713,0.2951453328132629,0.3715583384037018
119,0.0387353487312793,0.0890758261084556,0.1538750678300857,0.1984922140836715,0.2409198433160781,0.3239074349403381,0.3589757978916168
120,0.0483033023774623,0.093274250626564,0.1414886564016342,0.1869814842939376,0.2538065910339355,0.2860670685768127,0.3746916055679321
121,0.055491879582405,0.0878998190164566,0.1409195363521576,0.196070447564125,0.2435702830553054,0.2954833507537842,0.3687843084335327
122,0.062967911362648,0.0846874341368675,0.1543258130550384,0.1871403455734253,0.2347570061683654,0.3043452501296997,0.3637937605381012
123,0.0382991097867488,0.111228622496128,0.1433725208044052,0.1888816803693771,0.2672225534915924,0.2967358529567718,0.3539527654647827
124,0.0566118471324443,0.0928035303950309,0.1633782684803009,0.1946580111980438,0.2393768280744552,0.2950548231601715,0.3653891384601593
125,0.0633981600403785,0.0800714269280433,0.1440552175045013,0.2079571783542633,0.2433864623308181,0.3071066439151764,0.3696162700653076
126,0.0366238728165626,0.106180191040039,0.1602220982313156,0.1846563816070556,0.2458859235048294,0.2822757959365845,0.372255802154541
127,0.0402896404266357,0.1016881093382835,0.1486573815345764,0.1978917866945266,0.2367505580186844,0.3041963875293731,0.3864818215370178
128,0.0513004250824451,0.0920959115028381,0.1443685442209243,0.1816277354955673,0.24346524477005,0.2898676693439483,0.3708060681819916
129,0.0552194491028785,0.0869448110461235,0.1681292206048965,0.1928060501813888,0.2537393569946289,0.3005847632884979,0.3651032149791717
130,0.0527926199138164,0.0954970046877861,0.1517206877470016,0.1757135093212127,0.2534376382827759,0.3160169422626495,0.3772919774055481
131,0.0466096587479114,0.0913915410637855,0.1329725533723831,0.1832274198532104,0.2741813957691192,0.2982417345046997,0.394195020198822
132,0.0591215044260025,0.1214945539832115,0.1554752439260482,0.1941203773021698,0.2574969530105591,0.2970219850540161,0.3728687465190887
133,0.0665741711854934,0.1081896647810936,0.1492018103599548,0.1859677582979202,0.257658451795578,0.3033702373504638,0.3708478212356567
134,0.0521951578557491,0.09774661809206,0.123668186366558,0.2188815921545028,0.2501213550567627,0.2990027666091919,0.3799961507320404
135,0.0620841160416603,0.0985382497310638,0.1524225622415542,0.18190598487854,0.2624574899673462,0.3098616898059845,0.3761481046676636
136,0.0524488277733325,0.1005235016345977,0.1323673725128173,0.1796600073575973,0.2406401634216308,0.3011905550956726,0.3525692522525787
137,0.0634887591004371,0.09038707613945,0.153029054403305,0.1991690397262573,0.2657913267612457,0.2886496484279632,0.3705442547798157
138,0.0329400338232517,0.0942735970020294,0.1519045829772949,0.1981817036867141,0.2390990853309631,0.299593985080719,0.3680661022663116
139,0.0630739703774452,0.0826620981097221,0.1669933050870895,0.1991641223430633,0.2600478231906891,0.309001624584198,0.3663448989391327
140,0.0548617616295814,0.1079476103186607,0.1283468753099441,0.1771694868803024,0.245427668094635,0.2889967560768127,0.3858173489570617
141,0.0564666986465454,0.0758336335420608,0.1358455866575241,0.1943605542182922,0.2341406494379043,0.3022644221782684,0.372403621673584
142,0.0563856475055217,0.1169238463044166,0.1349646002054214,0.1627985835075378,0.2678940296173095,0.295609563589096,0.3695008456707001
143,0.0562199130654335,0.0956276208162307,0.1347593963146209,0.1889226734638214,0.2549690902233124,0.290893405675888,0.3508212268352508
144,0.0466565676033496,0.0855659693479538,0.1519165635108947,0.1806102842092514,0.2473680973052978,0.3098426163196563,0.3437248468399048
145,0.0467651262879371,0.0911286398768425,0.1573786586523056,0.1904707252979278,0.2306761294603347,0.3114493191242218,0.3722313642501831
146,0.0557951182126998,0.1145317479968071,0.1419899016618728,0.1701322942972183,0.2420574575662613,0.301270067691803,0.3770653903484344
147,0.0581581182777881,0.0941060632467269,0.1509267836809158,0.1698308140039444,0.2568417489528656,0.2981175780296325,0.3749667108058929
148,0.0524300076067447,0.0852945744991302,0.1463272869586944,0.1832161694765091,0.2653527557849884,0.3192952275276184,0.3920387029647827
149,0.0497590377926826,0.0929132029414177,0.1420839130878448,0.1956005543470382,0.252224862575531,0.2972838282585144,0.3721952140331268
150,0.0471320375800132,0.1032632440328598,0.1514994204044342,0.1639337390661239,0.2412526756525039,0.3050807118415832,0.3860001862049103
151,0.0354476831853389,0.0935548245906829,0.1560338586568832,0.1947047561407089,0.2313456535339355,0.2966839373111725,0.3665032386779785
152,0.0473876893520355,0.1344923377037048,0.1442923545837402,0.1886100322008133,0.2387666404247284,0.2700863182544708,0.3675262928009033
153,0.0512305982410907,0.1044488847255706,0.1520833671092987,0.1853112876415252,0.2433996945619583,0.304368257522583,0.3599188327789306
154,0.0410540662705898,0.0947489216923713,0.1479885280132293,0.1894269734621048,0.2529760003089905,0.3015456199645996,0.3620268106460571
155,0.0372264310717582,0.1235578581690788,0.1476947516202926,0.1786866784095764,0.2575633823871612,0.3075721859931946,0.3647726476192474
156,0.038980409502983,0.0966714173555374,0.1410357058048248,0.2018582075834274,0.2452813237905502,0.28882497549057,0.3581417798995971
157,0.0487816482782363,0.0893090888857841,0.1572752296924591,0.1884468048810959,0.2444034963846206,0.2936545610427856,0.3691131472587585
158,0.0679302588105201,0.1013431549072265,0.1752959787845611,0.2051933854818344,0.2693106234073639,0.2994046211242676,0.3715896308422088
159,0.0462603382766246,0.0854853391647338,0.1544203013181686,0.185789868235588,0.2384558320045471,0.2937012314796448,0.3633613884449005
160,0.0442239865660667,0.1002955287694931,0.1641961485147476,0.1770016849040985,0.2451256960630417,0.2926863729953766,0.360267162322998
161,0.0510244816541671,0.0740769505500793,0.1517857015132904,0.2029098868370056,0.2538695931434631,0.3063450157642364,0.3676489293575287
162,0.0435112565755844,0.0912339761853218,0.1599309742450714,0.1914636641740799,0.2473256736993789,0.3009119033813476,0.3790308237075805
163,0.0657379254698753,0.1025566831231117,0.14205002784729,0.1732276976108551,0.2356471717357635,0.2942177653312683,0.3626331388950348
164,0.0437175706028938,0.103271797299385,0.1403983533382415,0.1959550380706787,0.2487373352050781,0.2898953855037689,0.3604028522968292
165,0.0442002229392528,0.0967235043644905,0.1387300640344619,0.19550421833992,0.2526837289333343,0.3019168376922607,0.3537607789039612
166,0.0520573854446411,0.0955967083573341,0.1278144121170044,0.2055014669895172,0.2359876930713653,0.3021699488162994,0.3671719133853912
167,0.0505789220333099,0.0968825966119766,0.13435859978199,0.1843645721673965,0.244542196393013,0.3012485802173614,0.3838310837745666
168,0.0425207242369651,0.0957161411643028,0.1351229548454284,0.1863624900579452,0.2438757270574569,0.2949437499046325,0.3438649475574493
169,0.0442012883722782,0.1022063121199607,0.1323638558387756,0.1798319816589355,0.258211612701416,0.302573949098587,0.3735726177692413
170,0.0410240069031715,0.0795032232999801,0.1456896662712097,0.1975924521684646,0.2548465132713318,0.3068548738956451,0.3740063607692718
171,0.0536490716040134,0.0865248888731002,0.1598689407110214,0.1568779945373535,0.2431624680757522,0.3038831949234009,0.3859243094921112
172,0.0431678406894207,0.1088930368423461,0.1337364017963409,0.1868909150362014,0.2537568211555481,0.2925288677215576,0.3785971999168396
173,0.0313821285963058,0.0984257608652114,0.1379242241382599,0.1797475516796112,0.2195983529090881,0.2968813776969909,0.3706291019916534
174,0.0545594356954097,0.0963928252458572,0.1646227687597274,0.2113840728998184,0.2347297370433807,0.3020969033241272,0.3824591338634491
175,0.0683036372065544,0.1024020388722419,0.1603648662567138,0.1879761219024658,0.2608329355716705,0.2979277372360229,0.3814959824085235
176,0.0367580130696296,0.0911284759640693,0.1574273854494094,0.194170132279396,0.2400141358375549,0.3033046722412109,0.354478120803833
177,0.0581726990640163,0.1030312478542327,0.1262842267751693,0.1931191682815551,0.2444589585065841,0.2942822873592376,0.3770925104618072
178,0.0437711253762245,0.0918472856283187,0.145496591925621,0.1994365155696869,0.2517502903938293,0.3056164383888244,0.3755547702312469
179,0.073239617049694,0.0955108925700187,0.1357079446315765,0.1838012337684631,0.2516566812992096,0.2872145771980285,0.3617702722549438
180,0.0538172647356987,0.1035114154219627,0.1296515017747879,0.2032673507928848,0.2561704218387604,0.3103945255279541,0.3802296817302704
181,0.0447836443781852,0.087868332862854,0.141696885228157,0.2010231167078018,0.2487627863883972,0.2963882684707641,0.3706921637058258
182,0.0498904362320899,0.1119925826787948,0.1380986869335174,0.1990924179553985,0.254734456539154,0.2959436476230621,0.3722658455371856
183,0.0558888390660285,0.1108994334936142,0.1588169336318969,0.1963288486003875,0.2335446029901504,0.2996431887149811,0.3597200512886047
184,0.0435418300330638,0.0997152626514434,0.1548702269792556,0.1899464726448059,0.2442988902330398,0.2923022806644439,0.3807070553302765
185,0.0378623679280281,0.0926979109644889,0.1402581632137298,0.1847469508647918,0.2470595389604568,0.3128689527511596,0.3647266626358032
186,0.063786394894123,0.1043848618865013,0.1481879651546478,0.1910355985164642,0.2504173517227173,0.3194069862365722,0.35649573802948
187,0.0359868742525577,0.072728045284748,0.1588984280824661,0.1849293112754821,0.2561274468898773,0.2875559031963348,0.3521963059902191
188,0.0487979091703891,0.1260071545839309,0.1441815644502639,0.2028695344924926,0.2510431408882141,0.2888640761375427,0.3555090129375458
189,0.0607576742768287,0.102700836956501,0.1464001983404159,0.1805742979049682,0.2308333814144134,0.3052029013633728,0.3649612367153168
190,0.0609243735671043,0.1155459582805633,0.1574705839157104,0.1850689798593521,0.2556066215038299,0.2926848828792572,0.3651134073734283
191,0.0522153228521347,0.1050650775432586,0.1435470730066299,0.1831578463315963,0.2621629536151886,0.2886687815189361,0.3478047549724579
192,0.0504639968276023,0.0973562598228454,0.1566105782985687,0.1916899532079696,0.2404822558164596,0.3013814687728882,0.3690924048423767
193,0.0475689023733139,0.0920725688338279,0.1430437862873077,0.187394767999649,0.2560001313686371,0.2919186055660248,0.366423487663269
194,0.0262627955526113,0.0861778184771537,0.1507101505994796,0.1890624016523361,0.2590006589889526,0.3028394877910614,0.3710006773471832
195,0.0509294308722019,0.0944791510701179,0.1452307254076004,0.1954926550388336,0.2545652389526367,0.3025694191455841,0.3724479079246521
196,0.0504139959812164,0.0818932726979255,0.1173933818936348,0.1893815845251083,0.2582722008228302,0.2880108952522278,0.3702555894851684
197,0.0397052988409996,0.0980770140886306,0.1572190374135971,0.1821264922618866,0.2534638345241546,0.2811203300952911,0.3950721323490143
198,0.0488149560987949,0.1138507053256034,0.1600455343723297,0.2008527517318725,0.2698555886745453,0.2953598499298095,0.3700670301914215
199,0.059517964720726,0.0837268903851509,0.1616992205381393,0.1874482482671737,0.2464807778596878,0.3057884871959686,0.3736926913261413
200,0.0572017170488834,0.1070858389139175,0.1636059880256652,0.1830293089151382,0.2486586421728134,0.301451563835144,0.381729245185852
201,0.0637950152158737,0.1219891011714935,0.1366281658411026,0.1891046017408371,0.2359330058097839,0.2879280745983124,0.3804565966129303
202,0.0450363345444202,0.0879665538668632,0.1357636302709579,0.1651849150657653,0.2394100725650787,0.3091896772384643,0.3789691925048828
203,0.0683247148990631,0.0772739127278328,0.1657309234142303,0.1957495957612991,0.2472833096981048,0.3018926382064819,0.3536593914031982
204,0.0535306446254253,0.1091042384505271,0.148950845003128,0.1648342162370681,0.2452495843172073,0.3089454770088196,0.3649447560310364
205,0.0384982228279113,0.0970339104533195,0.1581944227218628,0.1674846112728119,0.2434715032577514,0.3006346225738525,0.374661773443222
206,0.0559139251708984,0.0867210403084755,0.1405041068792343,0.2011178135871887,0.2412732243537902,0.2940309643745422,0.3763557374477386
207,0.0444969572126865,0.0908985584974289,0.1351189315319061,0.2096667438745498,0.2333256006240844,0.3089171350002289,0.3683827519416809
208,0.0653450489044189,0.0734296813607215,0.1424459964036941,0.2062791287899017,0.2463680952787399,0.2917812168598175,0.3714698255062103
209,0.0292523726820945,0.1001520603895187,0.1448203027248382,0.1956975013017654,0.2586528956890106,0.2978236973285675,0.3598690032958984
210,0.0649272203445434,0.1052793189883232,0.1409925371408462,0.1870530396699905,0.2510659992694855,0.2953020632266998,0.3566434681415558
211,0.0453543998301029,0.1129733920097351,0.1322739273309707,0.1715598255395889,0.2455912679433822,0.2935389280319214,0.3638654053211212
212,0.0475949272513389,0.1219866946339607,0.1502684950828552,0.1812938153743744,0.2436609864234924,0.3094233572483063,0.3617718815803528
213,0.0397775880992412,0.0894832909107208,0.1579062789678573,0.1897331029176712,0.2305713593959808,0.2923214435577392,0.3611869513988495
214,0.0280145332217216,0.1001601740717887,0.1562493443489074,0.1860557049512863,0.2415781021118164,0.284954309463501,0.3557307422161102
215,0.0204403214156627,0.0932395309209823,0.1491035223007202,0.1850834339857101,0.2487279623746872,0.2982803881168365,0.3849046528339386
216,0.0525665506720542,0.1064125970005989,0.1402454972267151,0.1792383342981338,0.240873709321022,0.3062707483768463,0.3671547174453735
217,0.0491320863366127,0.0885147675871849,0.147596076130867,0.1899920552968979,0.2509493827819824,0.2929303646087646,0.3620623052120209
218,0.0286764446645975,0.0914526209235191,0.1589593887329101,0.1773591339588165,0.2439525574445724,0.3324708938598633,0.3650097250938415
219,0.0623102597892284,0.1014883145689964,0.1454175412654876,0.1842691600322723,0.2453459203243255,0.2849811613559723,0.3522072732448578
220,0.0530219674110412,0.0895525068044662,0.1486973017454147,0.2067766040563583,0.2599166631698608,0.3076413869857788,0.3692273199558258
221,0.0403002500534057,0.0952343493700027,0.1541970372200012,0.1786354631185531,0.2326391339302063,0.2963560223579407,0.3847920000553131
222,0.0434037297964096,0.1076530516147613,0.140701025724411,0.1888402998447418,0.226953849196434,0.296159416437149,0.364225685596466
223,0.0465628057718277,0.11470378190279,0.1402442902326584,0.190803050994873,0.2350629866123199,0.3028478026390075,0.3698769807815552
224,0.0493724010884761,0.1191328689455986,0.1443364173173904,0.1882155537605285,0.2311121672391891,0.319340169429779,0.3637232482433319
225,0.0525974854826927,0.0998998954892158,0.1401311010122299,0.1911861896514892,0.2532871663570404,0.309173583984375,0.38826984167099
226,0.0529990047216415,0.0963192880153656,0.1586693525314331,0.2028137296438217,0.2427798062562942,0.3056141138076782,0.3685286045074463
227,0.0429819673299789,0.0981314405798912,0.154391348361969,0.1726735979318618,0.2453920543193817,0.3001838028430938,0.3623121976852417
228,0.047415867447853,0.1091446951031684,0.1363778561353683,0.2066551297903061,0.2353934198617935,0.2927342355251312,0.3549957871437073
229,0.0705414861440658,0.085078127682209,0.1530056744813919,0.1859617680311203,0.2523356974124908,0.2982773184776306,0.3648845553398132
230,0.0461561866104602,0.0927761569619178,0.154598981142044,0.1930694282054901,0.2374767214059829,0.2917738556861877,0.3900874257087707
231,0.0479566641151905,0.1000975742936134,0.1482590436935424,0.1752481311559677,0.256590873003006,0.3032750189304352,0.3488211631774902
232,0.0510691590607166,0.0982002764940261,0.1349038034677505,0.171159565448761,0.2533236443996429,0.2972982823848724,0.359535664319992
233,0.048329222947359,0.0878239050507545,0.1571961641311645,0.1814179122447967,0.2508559226989746,0.3048524558544159,0.3724773824214935
234,0.0669618248939514,0.1125367581844329,0.1512413471937179,0.1622624546289444,0.2508690953254699,0.2849361300468445,0.3581102788448334
235,0.0437568053603172,0.1012848764657974,0.1730141788721084,0.1848484128713607,0.247364342212677,0.2941972017288208,0.3800376355648041
236,0.0686181634664535,0.1020255610346794,0.1402008831501007,0.1971746683120727,0.2488931715488433,0.3183917999267578,0.3783343732357025
237,0.0545035600662231,0.0822277888655662,0.154225081205368,0.1789083629846573,0.2442671209573745,0.303386777639389,0.3804811835289001
238,0.0414653867483139,0.0897720977663993,0.1393079459667205,0.2073056250810623,0.2565603256225586,0.3027026653289795,0.3744082450866699
239,0.0309917200356721,0.0979200303554534,0.1386751681566238,0.2021401971578598,0.2584240436553955,0.3056597113609314,0.3819584548473358
240,0.048027154058218,0.0960714742541313,0.1556538641452789,0.187892660498619,0.2465312927961349,0.2949131727218628,0.3746652603149414
241,0.0462957993149757,0.0869234278798103,0.1476566046476364,0.1833913475275039,0.2507716715335846,0.2935821712017059,0.3789067268371582
242,0.0536883398890495,0.1085711643099784,0.1417210400104522,0.1835265308618545,0.2445016205310821,0.3108094334602356,0.3591115176677704
243,0.0620884262025356,0.1040650531649589,0.1559726148843765,0.189788818359375,0.261930912733078,0.3123025894165039,0.364729642868042
244,0.0362445265054702,0.1037286892533302,0.1681926995515823,0.1858696937561035,0.2545060515403747,0.2771064639091491,0.379186749458313
245,0.0524084419012069,0.0980550646781921,0.1461040526628494,0.1910330951213836,0.2267450392246246,0.3073346018791199,0.3693943917751312
246,0.0430968403816223,0.0851249247789383,0.1516748964786529,0.1794983744621276,0.2579215466976166,0.3045001626014709,0.3694573640823364
247,0.0544642470777034,0.0985708981752395,0.1317041665315628,0.1621643602848053,0.2502898573875427,0.3187781274318695,0.3739795684814453
248,0.0426780246198177,0.1138680353760719,0.1626136004924774,0.1919068992137909,0.2506329417228699,0.3054949343204498,0.3654095530509949
249,0.0463167279958725,0.0893822610378265,0.151818960905075,0.1830694526433944,0.2507304251194,0.2962874472141266,0.3655105233192444
250,0.0428458042442798,0.105015717446804,0.1567530930042266,0.1821298599243164,0.2468277961015701,0.2880530953407287,0.3830050230026245
251,0.0645481944084167,0.0869034305214881,0.144451156258583,0.1745581477880478,0.2209870368242263,0.2803497016429901,0.3645316064357757
252,0.0420952811837196,0.1115100234746933,0.1475358754396438,0.1771402657032013,0.2494787722826004,0.3058160245418548,0.374717652797699
253,0.0352328531444072,0.0919275060296058,0.1351292580366134,0.1881304234266281,0.2508638501167297,0.2832723259925842,0.3924155831336975
254,0.045603223145008,0.0979788899421691,0.1443130373954773,0.1909531652927398,0.2394724190235138,0.3009574711322784,0.3655000030994415
255,0.0492016971111297,0.1003936827182769,0.1633607149124145,0.1839730739593505,0.2631392776966095,0.3007674217224121,0.3665759563446045
256,0.0628893747925758,0.0925272181630134,0.1501101851463318,0.1946700811386108,0.2499862015247345,0.3087576925754547,0.3762634396553039
257,0.0383741296827793,0.099894680082798,0.1448188126087188,0.1960325390100479,0.2485920935869217,0.3039011061191559,0.3610065579414367
258,0.0507936254143714,0.1032893359661102,0.1509875506162643,0.1923292279243469,0.2543973922729492,0.2860400378704071,0.3620688915252685
259,0.0460823141038417,0.1023734360933303,0.1423436105251312,0.1931744962930679,0.2510010898113251,0.31056809425354,0.3656634986400604
260,0.0396176613867282,0.1139933541417121,0.1338853985071182,0.1837066859006881,0.245588332414627,0.300331711769104,0.3702852129936218
261,0.0578170232474803,0.07793440669775,0.1652597784996032,0.1978145837783813,0.2495513260364532,0.3161948025226593,0.3736754059791565
262,0.0491451993584632,0.0940570458769798,0.1543725579977035,0.1805929988622665,0.2417738139629364,0.3358631432056427,0.3687564134597778
263,0.0584263913333416,0.0878136903047561,0.1481522023677826,0.167817622423172,0.2374058067798614,0.2883125841617584,0.3760224282741546
264,0.0413363315165042,0.1043148413300514,0.1386258155107498,0.176111102104187,0.2598903477191925,0.3046002089977264,0.3720796108245849
265,0.0475369170308113,0.0947110950946807,0.1509346812963485,0.1875624060630798,0.2646028995513916,0.2937007546424866,0.3651816844940185
266,0.0451987087726593,0.0990397855639457,0.1554492563009262,0.1966234445571899,0.2447064220905304,0.2790797352790832,0.3545664250850677
267,0.0415886156260967,0.1070863530039787,0.1486774682998657,0.1751035004854202,0.2329564690589904,0.3134238123893738,0.3638664186000824
268,0.0554720982909202,0.0952493995428085,0.1640457361936569,0.1876166462898254,0.2339372932910919,0.2934628427028656,0.3628427684307098
269,0.0514155589044094,0.0966205969452858,0.1391871273517608,0.18217334151268,0.2475828379392624,0.2996549010276794,0.3663538992404938
270,0.0424426086246967,0.0996344909071922,0.1273634433746338,0.2112867534160614,0.2437841892242431,0.306432157754898,0.3684535324573517
271,0.0647174045443534,0.1019084677100181,0.1620662808418274,0.1981661468744278,0.2512929737567901,0.2973649501800537,0.3700451254844665
272,0.0491792149841785,0.0961202308535575,0.1490804255008697,0.1991154700517654,0.2420592010021209,0.3034246563911438,0.3605000674724579
273,0.0423209071159362,0.1124614402651786,0.1400763392448425,0.201479360461235,0.2341345399618148,0.2945475578308105,0.3675519824028015
274,0.0509234108030796,0.093680202960968,0.1487757861614227,0.1845744848251342,0.2501603960990906,0.2927776873111725,0.3900912404060364
275,0.0420374758541584,0.1084045693278312,0.1370492130517959,0.1990121901035308,0.2601254284381866,0.2918746769428253,0.3592678010463714
276,0.0440401062369346,0.0859002843499183,0.1437807530164718,0.1876327097415924,0.2488453835248947,0.3125088810920715,0.3691734969615936
277,0.0344904996454715,0.1020005941390991,0.1449141055345535,0.2063791453838348,0.2319545596837997,0.3022233545780182,0.3706896007061004
278,0.0572652593255043,0.1061048433184623,0.142457440495491,0.1856774687767028,0.2603229582309723,0.2848043739795685,0.3632197678089142
279,0.0512425079941749,0.0908080041408538,0.1539230942726135,0.191357746720314,0.2420961856842041,0.3077796101570129,0.375509649515152
280,0.0575514957308769,0.0950485467910766,0.136500135064125,0.1839956492185592,0.2513075172901153,0.2972229123115539,0.362215518951416
281,0.0480073355138301,0.0971418023109436,0.1509072929620742,0.1956063359975814,0.2475546151399612,0.3001822829246521,0.3649747669696808
282,0.0587077252566814,0.0771431550383567,0.1374909281730651,0.2053822129964828,0.2476108372211456,0.2839540541172027,0.3761608004570007
283,0.0769234746694564,0.0820201635360717,0.1458890736103058,0.202849194407463,0.2416094243526458,0.2886107861995697,0.35425665974617
284,0.0555740222334861,0.075777918100357,0.1515329629182815,0.1920703053474426,0.2422594130039215,0.2908752858638763,0.3600783348083496
285,0.0455595776438713,0.1229667738080024,0.1443551629781723,0.2004938125610351,0.2473118156194687,0.3223593831062317,0.3673106729984283
286,0.0424138642847538,0.0990352928638458,0.1568199396133422,0.1984888166189193,0.2454423159360885,0.2994152903556824,0.3656565248966217
287,0.0569549053907394,0.0982941538095474,0.1323087066411972,0.1687560975551605,0.2501257658004761,0.3165983557701111,0.3693149387836456
288,0.0483829975128173,0.1126620098948478,0.1336690932512283,0.1831093430519104,0.2444507628679275,0.2776269316673279,0.3849771320819855
289,0.0444349758327007,0.1026996225118637,0.1600853353738784,0.186415895819664,0.2592315375804901,0.3169023096561432,0.3768889307975769
290,0.0530686490237712,0.0914847329258918,0.1532379239797592,0.1904027611017227,0.2392978519201278,0.2901113331317901,0.3742956519126892
291,0.064009852707386,0.0871116369962692,0.1565374881029129,0.1851628720760345,0.254572719335556,0.3016082346439361,0.3876483738422394
292,0.0642770901322364,0.101483330130577,0.1419468075037002,0.1887208819389343,0.2350262701511383,0.3155499994754791,0.3950073421001434
293,0.0360767915844917,0.0899459198117256,0.1615843921899795,0.1827253997325897,0.2230442613363266,0.3049953877925873,0.3682614862918854
294,0.0579749457538127,0.0988132283091545,0.1615093350410461,0.1905998140573501,0.253637433052063,0.3147661387920379,0.3656252026557922
295,0.034359261393547,0.0998763069510459,0.161485955119133,0.1795481294393539,0.2339010387659073,0.2903614044189453,0.3824987113475799
296,0.0583808682858943,0.1315565854310989,0.1562021970748901,0.1956633925437927,0.2259902209043502,0.3001111447811126,0.3554158806800842
297,0.0494633726775646,0.1067054122686386,0.1296375840902328,0.1977520138025283,0.2689365446567535,0.3018469512462616,0.3650785684585571
298,0.0506675317883491,0.0973096713423729,0.1457079648971557,0.1767800450325012,0.2578264772891998,0.3069070279598236,0.3450275659561157
299,0.0560436882078647,0.1015053912997245,0.1331523209810257,0.1890318989753723,0.2579491436481476,0.294123113155365,0.3926188051700592
300,0.0477982610464096,0.0890428349375724,0.1476459503173828,0.1820434331893921,0.2420166432857513,0.2941914200782776,0.3700491487979889
301,0.0473029874265193,0.0907460525631904,0.1599696576595306,0.173143595457077,0.2495388239622116,0.2910529971122741,0.374968558549881
302,0.0435254722833633,0.0954826176166534,0.1358135491609573,0.184121698141098,0.2475719153881073,0.3006231486797333,0.3790421187877655
303,0.0390480011701583,0.099366120994091,0.1384371966123581,0.1875728517770767,0.2440720051527023,0.2965677976608276,0.3702720701694488
304,0.0392941460013389,0.0898152366280555,0.1577742248773574,0.2103321105241775,0.2424527704715728,0.2976947426795959,0.3647900521755218
305,0.0617542713880538,0.0938431173563003,0.1363905072212219,0.1858302056789398,0.2554697692394256,0.3132956922054291,0.339953750371933
306,0.0632830932736396,0.1000516191124916,0.1276617646217346,0.1855060309171676,0.2321595251560211,0.2918366193771362,0.3657000064849853
307,0.0347772985696792,0.0925274416804313,0.1694544851779937,0.1977396160364151,0.2557439804077148,0.3026944100856781,0.3715030550956726
308,0.0642645955085754,0.0834737569093704,0.1641644388437271,0.1768693923950195,0.2637919783592224,0.2934779822826385,0.3717918694019317
309,0.0459590107202529,0.1092323511838913,0.1487501263618469,0.2002945095300674,0.2280644476413726,0.2963933050632477,0.374739408493042
310,0.0431211292743682,0.0978592187166214,0.1260966062545776,0.1783164739608764,0.2470926940441131,0.2888256013393402,0.3640967905521393
311,0.0571416765451431,0.1051994115114212,0.1515517383813858,0.1818049550056457,0.2435238808393478,0.3036995530128479,0.3540228605270386
312,0.071993164718151,0.0999598503112793,0.1461812257766723,0.1923634558916092,0.2499689757823944,0.2875367105007171,0.3611221313476562
313,0.0476618744432926,0.1058422401547432,0.1534754931926727,0.188025563955307,0.2268507629632949,0.3028125464916229,0.3532328605651855
314,0.0424038060009479,0.0934657752513885,0.1675066798925399,0.2015307694673538,0.2427908033132553,0.3052986562252044,0.3813214302062988
315,0.0548127479851245,0.1083984151482582,0.1411667019128799,0.1945944726467132,0.244954451918602,0.295929878950119,0.3806242346763611
316,0.0466407649219036,0.0893135890364646,0.1617415398359298,0.1915675997734069,0.2422079592943191,0.3131628036499023,0.3719829022884369
317,0.0488792955875396,0.104732908308506,0.157747209072113,0.1819771379232406,0.2604623436927795,0.2942952215671539,0.3886275887489319
318,0.0466836877167224,0.0935109928250312,0.154527485370636,0.2065396904945373,0.2648357152938843,0.3061684668064117,0.3629775047302246
319,0.065031036734581,0.0937293991446495,0.1390584111213684,0.197309136390686,0.24017433822155,0.2899085879325866,0.3823288381099701
320,0.0571848228573799,0.0854556635022163,0.1452775448560714,0.1801056712865829,0.2333430647850036,0.3276832699775696,0.3602401316165924
321,0.040696881711483,0.0819555073976516,0.1412767171859741,0.1913665533065796,0.2691217958927154,0.2983429729938507,0.3806044161319732
322,0.0790129080414772,0.0962281748652458,0.1487455815076828,0.1769999265670776,0.2361190170049667,0.3047951757907867,0.3649601340293884
323,0.0518257096409797,0.0881013199687004,0.1517426371574401,0.1878138482570648,0.2387625426054,0.2860665619373321,0.3715882301330566
324,0.0533275976777076,0.08994822204113,0.1356472223997116,0.1945109665393829,0.2484957873821258,0.3061863780021667,0.3643231987953186
325,0.0598328523337841,0.1009237989783287,0.1618008315563202,0.2129405736923217,0.2397225201129913,0.3038609325885772,0.3602035343647003
326,0.05306838452816,0.0952867642045021,0.1384621411561966,0.1811102926731109,0.2430586218833923,0.3028551042079925,0.3823003768920898
327,0.0480149202048778,0.1123044565320015,0.147411048412323,0.1897365301847458,0.2457640320062637,0.3061476349830627,0.3552392721176147
328,0.0707156360149383,0.1047272607684135,0.1420116871595382,0.1865753233432769,0.2625699341297149,0.2949689626693725,0.3588726818561554
329,0.0638035014271736,0.1098280474543571,0.1350757926702499,0.1883962303400039,0.2410445213317871,0.2933757901191711,0.3864426016807556
330,0.0498194471001625,0.1127100065350532,0.1392943114042282,0.176015630364418,0.2690588235855102,0.3049173951148987,0.3759533166885376
331,0.0265864972025156,0.1004683002829551,0.1476337164640426,0.2055769264698028,0.2498786896467209,0.3158668875694275,0.3861008584499359
332,0.0365462340414524,0.1182686015963554,0.1434853374958038,0.1978793144226074,0.2383463233709335,0.3125636875629425,0.3760381937026977
333,0.0380888655781745,0.1004441305994987,0.1563949733972549,0.18373903632164,0.2445161044597625,0.3010654151439667,0.3589871227741241
334,0.0381628833711147,0.0909497216343879,0.1220303997397422,0.1980443149805069,0.2583853304386139,0.3002188801765442,0.3831785023212433
335,0.0458349511027336,0.1202627792954444,0.1515492796897888,0.1940169334411621,0.2512257993221283,0.2919775545597076,0.373825192451477
336,0.0418383590877056,0.1036927178502082,0.1567474901676178,0.1796603798866272,0.2431766241788864,0.3232122957706451,0.3742579519748688
337,0.0355661362409591,0.0881617441773414,0.1519155949354171,0.2072518914937973,0.2380508631467819,0.2989692986011505,0.3541781902313232
338,0.0347133092582225,0.1030065417289733,0.155459314584732,0.1862050145864486,0.2414088398218155,0.3241922855377197,0.3674314618110657
339,0.048190027475357,0.0872327014803886,0.1632527410984039,0.1877444833517074,0.2620015144348144,0.2948648929595947,0.3692048192024231
340,0.0410331115126609,0.0973222628235817,0.1478742212057113,0.1824457794427871,0.2468739748001098,0.2820372581481933,0.3755293488502502
341,0.0473446995019912,0.1018483936786651,0.1320630609989166,0.2016669362783432,0.2286523878574371,0.2954706251621246,0.3818818628787994
342,0.0453946404159069,0.1156613454222679,0.1443261951208114,0.1874060034751892,0.2434267252683639,0.3075979351997375,0.3687560260295868
343,0.0438989400863647,0.1142864599823951,0.151986688375473,0.1931340247392654,0.2554989755153656,0.2953747808933258,0.3742301762104034
344,0.0407866090536117,0.1039573326706886,0.1416272222995758,0.1959219425916671,0.2434412986040115,0.3117098808288574,0.3673624098300934
345,0.0284255910664796,0.1083031073212623,0.1493332982063293,0.2077379375696182,0.2489296793937683,0.3004149198532104,0.3676982522010803
346,0.0426945649087429,0.097118929028511,0.1557247936725616,0.2084977626800537,0.2453565597534179,0.310476690530777,0.3713628649711609
347,0.0575181096792221,0.0898198559880256,0.1326333582401275,0.1983453184366226,0.2502422630786896,0.2883026003837585,0.3883201777935028
348,0.0368609800934791,0.087946593761444,0.1577504724264145,0.184015542268753,0.2439186424016952,0.2965245544910431,0.3617281317710876
349,0.0454244650900363,0.0907589644193649,0.1608219742774963,0.1819436997175216,0.2638390362262726,0.3165809214115143,0.3621516525745392
350,0.0420567616820335,0.0844666510820388,0.1624388843774795,0.1719813048839569,0.2624605000019073,0.3081259727478027,0.3819253146648407
351,0.0707060918211937,0.0837543606758117,0.1591710448265075,0.1971840560436248,0.2509436011314392,0.2905366718769073,0.362208753824234
352,0.0323426686227321,0.1049548760056495,0.1608020961284637,0.1908616572618484,0.2404171526432037,0.2833493053913116,0.3584145605564117
353,0.0351607277989387,0.0877574533224105,0.1526694148778915,0.1707597076892852,0.2341183722019195,0.3006904423236847,0.3607459962368011
354,0.0780787914991378,0.1036052927374839,0.1362823843955993,0.1788174510002136,0.2380112409591674,0.3033722341060638,0.3477018475532532
355,0.0417052619159221,0.1059646978974342,0.1596291810274124,0.1889904290437698,0.2652420997619629,0.3005639314651489,0.3740835785865783
356,0.0338277295231819,0.091936744749546,0.1551172286272049,0.1892119646072387,0.2432046085596084,0.2947753369808197,0.3651102781295776
357,0.0540143921971321,0.1021946370601654,0.149527370929718,0.1938652396202087,0.2629103064537048,0.2987529337406158,0.3463385701179504
358,0.0501901656389236,0.0815464109182357,0.1584655046463012,0.190919816493988,0.2379812151193618,0.3008539080619812,0.3770025372505188
359,0.0521286129951477,0.1133501455187797,0.1627654731273651,0.1772201508283615,0.2414990067481994,0.300463855266571,0.3667208254337311
360,0.0392683632671833,0.0966921150684356,0.1455075293779373,0.2010900229215622,0.2502868175506592,0.318387359380722,0.3785925805568695
361,0.0649747177958488,0.1022733151912689,0.1377080231904983,0.189025267958641,0.2328230738639831,0.2960015833377838,0.3573751449584961
362,0.0285347029566764,0.1062662303447723,0.1394326388835907,0.1825723499059677,0.2485002875328064,0.284968614578247,0.3414073884487152
363,0.0529015287756919,0.1310976892709732,0.1490211188793182,0.1981497704982757,0.2346246242523193,0.2994175255298614,0.3792442977428436
364,0.0432118736207485,0.0970078483223915,0.1361692547798156,0.183889552950859,0.239247590303421,0.2807855606079101,0.381811261177063
365,0.0379558578133583,0.1106990426778793,0.1488264352083206,0.1830249428749084,0.2350413650274276,0.2971058785915375,0.3829651176929474
366,0.0468876361846923,0.1040648221969604,0.1513536721467971,0.1864554733037948,0.2478473931550979,0.2884749174118042,0.3650307059288025
367,0.0376070253551006,0.1000697389245033,0.1724852174520492,0.1921364516019821,0.2504039406776428,0.2924821376800537,0.3678344786167145
368,0.0598542653024196,0.1052106395363807,0.1483289450407028,0.1894335001707077,0.2618440389633178,0.3067168891429901,0.3589141070842743
369,0.0477559380233287,0.1016305685043335,0.1404877454042434,0.1941129863262176,0.233794629573822,0.2831460237503052,0.3705859184265136
370,0.0373549945652484,0.0831203758716583,0.1601529270410537,0.1961655169725418,0.2644863426685333,0.300352931022644,0.3690735995769501
371,0.038578126579523,0.0978947430849075,0.154526486992836,0.1987462043762207,0.2416366636753082,0.3024375438690185,0.3642013669013977
372,0.0480407252907753,0.0998437032103538,0.1497134417295456,0.1880054324865341,0.229888916015625,0.2922524809837341,0.3725576400756836
373,0.0551404133439064,0.1039099395275116,0.1258835941553115,0.1992250978946685,0.2463972568511963,0.308217853307724,0.3632116317749023
374,0.0674836710095405,0.0874392390251159,0.1408217549324035,0.1891865134239196,0.2344864159822464,0.3017619252204895,0.360419362783432
375,0.0470696948468685,0.0974685922265052,0.1366884410381317,0.1967474073171615,0.23676398396492,0.3096385896205902,0.3579854369163513
376,0.0715213194489479,0.0983453914523124,0.1267994493246078,0.1875728219747543,0.2522554099559784,0.3199731111526489,0.3797672688961029
377,0.0542100109159946,0.0889900177717208,0.1420767903327942,0.1932004392147064,0.2504341304302215,0.3060070276260376,0.3667826056480407
378,0.0459613166749477,0.0961339995265007,0.134718045592308,0.1704209595918655,0.2551003098487854,0.2967713475227356,0.3711561262607574
379,0.0624169595539569,0.0981544628739357,0.1492973417043686,0.1936498582363128,0.2562472820281982,0.3208259642124176,0.3650041222572326
380,0.0521820187568664,0.0970533415675163,0.1328240483999252,0.1803912967443466,0.2522693574428558,0.3035557270050049,0.3589273393154144
381,0.0472735501825809,0.1048036888241767,0.1314166039228439,0.1927148550748825,0.2444484978914261,0.3137555420398712,0.3647293150424957
382,0.0559637248516082,0.0902309119701385,0.1451346576213836,0.1850783377885818,0.2324086278676986,0.3056769371032715,0.356375902891159
383,0.0443575903773307,0.1075821295380592,0.1579076051712036,0.1929390877485275,0.2600486278533935,0.2938935160636902,0.3636301755905151
384,0.0507131032645702,0.0881498381495475,0.158313363790512,0.194422498345375,0.2377916574478149,0.2819791734218597,0.3668603301048279
385,0.047460738569498,0.1056021004915237,0.1398686319589615,0.2082235813140869,0.2361427247524261,0.2811166942119598,0.3653885722160339
386,0.0499727688729763,0.0970585942268371,0.1417029052972793,0.1988966017961502,0.2364638745784759,0.2939313352108001,0.3709595203399658
387,0.0414766706526279,0.0909445434808731,0.1705086976289749,0.1697535812854766,0.2469468265771865,0.2796365022659302,0.3720459640026092
388,0.0378425829112529,0.0885061025619506,0.1483103781938552,0.1829835027456283,0.2443855553865432,0.3002768158912658,0.3872414231300354
389,0.0520634464919567,0.0849258080124855,0.144062653183937,0.1933874189853668,0.2421493381261825,0.3051602244377136,0.3566042482852936
390,0.0547552704811096,0.0927609503269195,0.1584572494029998,0.2105609774589538,0.2590396106243133,0.3032174110412597,0.3621113300323486
391,0.0508669726550579,0.1062018945813179,0.1540831625461578,0.1759001910686493,0.2602010369300842,0.2969938516616821,0.3613443672657013
392,0.0578876696527004,0.1004209145903587,0.1520822793245315,0.1844099760055542,0.2360479831695556,0.3117140531539917,0.3542551398277282
393,0.0475346185266971,0.0931529253721237,0.1851668804883957,0.176836609840393,0.2387778311967849,0.304533988237381,0.3731318116188049
394,0.0579475946724414,0.0942743420600891,0.174282968044281,0.1978713721036911,0.2443726956844329,0.2943154871463775,0.3561203479766845
395,0.0447559356689453,0.1124906092882156,0.1283214390277862,0.1900154054164886,0.222747728228569,0.290927916765213,0.3794789910316467
396,0.0611613281071186,0.0985714346170425,0.1585000455379486,0.185441106557846,0.2555739283561706,0.2976168394088745,0.3621417284011841
397,0.0565607212483882,0.1101667135953903,0.1386624127626419,0.1999551653861999,0.2438939213752746,0.2858753204345703,0.357632964849472
398,0.0505519099533557,0.108392409980297,0.138418823480606,0.1793070584535598,0.2533015608787536,0.2987850904464721,0.3749567866325378
399,0.0445065461099147,0.092899665236473,0.1527966856956482,0.1852027475833892,0.2479933947324752,0.3059578835964203,0.3840173780918121
400,0.041268516331911,0.06544791162014,0.1668800115585327,0.1946676969528198,0.2582884728908539,0.3053307831287384,0.3662078082561493
401,0.0539430566132068,0.07302076369524,0.1624827682971954,0.1830368489027023,0.2500852346420288,0.3005966246128082,0.3650416731834411
402,0.0397463701665401,0.0942532420158386,0.1349084079265594,0.1807989329099655,0.2413730174303054,0.2959593832492828,0.3521234691143036
403,0.0517981424927711,0.098651222884655,0.155982568860054,0.177495077252388,0.2434047013521194,0.2909790277481079,0.3801908195018768
404,0.0434471704065799,0.0795463845133781,0.1466203182935714,0.1944474130868911,0.25491863489151,0.2946815192699432,0.3687385022640228
405,0.0569720640778541,0.1149492934346199,0.1550376713275909,0.1869816184043884,0.2603647410869598,0.2858087420463562,0.3646076023578644
406,0.0590149797499179,0.103211686015129,0.1389939486980438,0.1901254951953888,0.2284247428178787,0.2993589043617248,0.3475917279720306
407,0.0499499440193176,0.1082476824522018,0.167956992983818,0.1901944130659103,0.2395709604024887,0.2934998869895935,0.3650216162204742
408,0.0610094405710697,0.0972592607140541,0.1760131418704986,0.1827902793884277,0.2385564446449279,0.289715826511383,0.3765540719032287
409,0.0520266443490982,0.0976396724581718,0.1578769534826278,0.1854300647974014,0.2434080839157104,0.2916129529476166,0.376505970954895
410,0.0492685697972774,0.0834854245185852,0.159857302904129,0.1872135996818542,0.2380932718515396,0.2852121591567993,0.3740460276603699
411,0.0588520541787147,0.0770029127597808,0.1244336366653442,0.1858772039413452,0.243451178073883,0.2972337305545807,0.367133617401123
412,0.0431787930428981,0.098299004137516,0.1335269510746002,0.1898458451032638,0.2548435032367706,0.3054528534412384,0.3759630918502807
413,0.0262561496347188,0.1051859185099601,0.1504181176424026,0.1899813860654831,0.2414004802703857,0.2912797033786773,0.3695160448551178
414,0.0474274903535842,0.0953736156225204,0.1577840447425842,0.1682073473930359,0.2487206012010574,0.2816672027111053,0.3640070855617523
415,0.066650666296482,0.0949942916631698,0.1441424936056137,0.182510033249855,0.2317879945039749,0.2978444993495941,0.3746536076068878
416,0.0380651801824569,0.0874560475349426,0.1282678842544555,0.1959368288516998,0.2625427544116974,0.2930725514888763,0.378770649433136
417,0.0466739237308502,0.1157358959317207,0.1346580237150192,0.1845882982015609,0.2505063712596893,0.2922115921974182,0.3794940412044525
418,0.0485734231770038,0.0932976529002189,0.1410865485668182,0.1782220751047134,0.261001855134964,0.3153390288352966,0.3643664419651031
419,0.0539442151784896,0.0839774161577224,0.1559723913669586,0.1757133603096008,0.2543613612651825,0.3024295270442962,0.3781115412712097
420,0.0677523538470268,0.0839084237813949,0.1391077637672424,0.1862458884716034,0.2252674251794815,0.2952622175216675,0.3764973878860473
421,0.0366840995848178,0.0926591977477073,0.1449984014034271,0.1901981681585312,0.2292474508285522,0.3091746866703033,0.3691612482070923
422,0.0388728640973567,0.0892690792679786,0.1457279622554779,0.2114582806825637,0.2520665526390075,0.318364143371582,0.366312712430954
423,0.0662731751799583,0.0962138101458549,0.1241317093372345,0.1902133822441101,0.2676214277744293,0.2793498337268829,0.3825425505638122
424,0.0297465827316045,0.103757195174694,0.1536748260259628,0.185203805565834,0.2435847222805023,0.3049135208129883,0.3733706176280975
425,0.0415162965655326,0.0968789756298065,0.1532131284475326,0.1841170638799667,0.2448731511831283,0.3065237402915954,0.3607706725597381
426,0.0611224956810474,0.0992947667837143,0.1392314434051513,0.1921558380126953,0.2395680844783783,0.2860659956932068,0.3738332092761993
427,0.0486762076616287,0.1069403886795044,0.1589948236942291,0.19679656624794,0.2516806721687317,0.2951651513576507,0.37139493227005
428,0.0275516137480735,0.0954248756170272,0.1518135219812393,0.1536761969327926,0.2472347766160965,0.3004286885261535,0.3689970970153808
429,0.063080221414566,0.0927337631583213,0.1419769823551178,0.2007031291723251,0.2629304230213165,0.3002795279026031,0.3758175671100616
430,0.0532796494662761,0.0955091789364814,0.1402203440666198,0.1801546365022659,0.2403930425643921,0.3074758648872375,0.3725045025348663
431,0.0442375279963016,0.096818596124649,0.1586104333400726,0.1903634667396545,0.2539675533771515,0.3044109046459198,0.3702511191368103
432,0.0422027334570884,0.1096676513552665,0.1390058696269989,0.1969372183084488,0.245077833533287,0.2966150641441345,0.3654159605503082
433,0.0400486886501312,0.0717515274882316,0.1595863699913025,0.1939242482185363,0.2341330647468567,0.311951220035553,0.3888796269893646
434,0.0437469147145748,0.0865861251950264,0.1575114727020263,0.1771883815526962,0.2515178024768829,0.2789013683795929,0.3779262006282806
435,0.0408394411206245,0.0845224484801292,0.1594713479280471,0.1887530237436294,0.232139453291893,0.3018491566181183,0.3717676103115082
436,0.0458817966282367,0.0966494232416153,0.1452349424362182,0.1955907642841339,0.2307801395654678,0.2834861874580383,0.365170806646347
437,0.0664351731538772,0.1219503283500671,0.1366465538740158,0.1973643749952316,0.2569322884082794,0.2787515521049499,0.3535904586315155
438,0.0407946519553661,0.1081181988120079,0.1507985293865203,0.1882611215114593,0.2371847480535507,0.3193671703338623,0.358669638633728
439,0.0499402433633804,0.1102905347943306,0.1530669331550598,0.1820405125617981,0.2459503263235092,0.3083848357200622,0.3622439801692962
440,0.0549231320619583,0.1032203659415245,0.1326394379138946,0.2014161050319671,0.2524068355560303,0.2970441281795501,0.3622976839542389
441,0.0433569215238094,0.1050059422850608,0.1556738466024398,0.1943590939044952,0.252243310213089,0.2910278141498565,0.3755777478218078
442,0.0446053817868232,0.0940072163939476,0.1553172618150711,0.1822868287563324,0.2491644024848938,0.2954104840755462,0.3736462891101837
443,0.022022295743227,0.106509193778038,0.1455043107271194,0.1790240257978439,0.2419246584177017,0.2901031672954559,0.3676992952823639
444,0.0498345978558063,0.1136818677186966,0.1469972133636474,0.1851685792207718,0.2399327903985977,0.2908136546611786,0.3880161345005035
445,0.0496827960014343,0.1081577241420745,0.1569827944040298,0.2018819749355316,0.2564238011837005,0.3138838112354278,0.3821980655193329
446,0.0511944442987442,0.1065203472971916,0.1515058577060699,0.1930415481328964,0.2427964210510254,0.2915749549865722,0.3743248879909515
447,0.0631309226155281,0.0967444032430648,0.156815156340599,0.1725094318389892,0.2210754454135894,0.2956651151180267,0.3723037838935852
448,0.0274268183857202,0.0841105803847312,0.1544988751411438,0.1733185648918151,0.2387983649969101,0.2819815576076507,0.3793312907218933
449,0.052742376923561,0.0874960571527481,0.1447560936212539,0.1637261360883712,0.2462599426507949,0.2921696305274963,0.3587571084499359
450,0.0552227534353733,0.0897856652736663,0.133317694067955,0.1930447518825531,0.2447740733623504,0.3080013394355774,0.3667677938938141
451,0.0443426929414272,0.0796546563506126,0.1403018236160278,0.1973266154527664,0.2294288277626037,0.2929069697856903,0.3855379819869995
452,0.0520548447966575,0.098553366959095,0.1371299624443054,0.1843830496072769,0.2306443154811859,0.3162372410297394,0.3655630648136139
453,0.0564585998654365,0.1098644658923149,0.1680223792791366,0.1854147315025329,0.2488942891359329,0.3150025308132171,0.3708280920982361
454,0.0478033274412155,0.1006761267781257,0.1591512858867645,0.1963293552398681,0.2504288256168365,0.31426602602005,0.3748472929000854
455,0.0478431284427642,0.0970465987920761,0.1632433980703354,0.1906383484601974,0.2481049299240112,0.3000240921974182,0.3764959871768951
456,0.0676494687795639,0.1141201183199882,0.1526227742433548,0.1715638190507888,0.2471086680889129,0.307050347328186,0.3696694672107696
457,0.047364704310894,0.1090797558426857,0.1535159051418304,0.1847655028104782,0.2384797930717468,0.2966288626194,0.3555728793144226
458,0.056595679372549,0.1030651852488517,0.156785562634468,0.2025085836648941,0.2452734112739563,0.2895763516426086,0.3687524795532226
459,0.0545718669891357,0.1032745465636253,0.1577755212783813,0.1978200227022171,0.2350596189498901,0.3075737059116363,0.3685791194438934
460,0.0545769855380058,0.0997294411063194,0.1538999825716018,0.1629380583763122,0.2390499264001846,0.310424655675888,0.3769491016864776
461,0.0531435161828994,0.1031836196780204,0.1422996968030929,0.1901171058416366,0.2640724778175354,0.2977990806102752,0.3742633461952209
462,0.0500712096691131,0.0903186872601509,0.1326384097337722,0.1963120549917221,0.2357394695281982,0.2999998033046722,0.3482032716274261
463,0.0458358861505985,0.0890392288565635,0.1520916372537613,0.1739785969257354,0.2292015999555587,0.3145505785942077,0.3635492324829101
464,0.0535431951284408,0.0974131524562835,0.1364631652832031,0.2108761966228485,0.2425405532121658,0.3052912056446075,0.3671280741691589
465,0.0471024848520755,0.1193355992436409,0.1474605798721313,0.1938832849264145,0.2383370697498321,0.300548255443573,0.36660036444664
466,0.0357604883611202,0.0999646261334419,0.1513752937316894,0.1886710226535797,0.2329454272985458,0.3068842887878418,0.3697037100791931
467,0.0554671809077262,0.1036122739315033,0.1534462124109268,0.1808468699455261,0.2620798349380493,0.3050732910633087,0.3823700845241546
468,0.0473494865000247,0.1045608296990394,0.1549897193908691,0.1794104576110839,0.2542285919189453,0.3043440580368042,0.3828417658805847
469,0.0474321842193603,0.1111659258604049,0.1647809296846389,0.2023721039295196,0.2357908636331558,0.3034553527832031,0.3762086629867553
470,0.0484543666243553,0.1109854578971862,0.140011191368103,0.1676806211471557,0.2561993300914764,0.3134447336196899,0.3493829667568207
471,0.0684511661529541,0.0816255137324333,0.1481969952583313,0.1806604117155075,0.2430472671985626,0.3018918335437774,0.3694837987422943
472,0.0625641644001007,0.1199364736676216,0.147250235080719,0.1919282674789428,0.2566705346107483,0.3085463643074035,0.3537775874137878
473,0.0689956694841384,0.1201935708522796,0.1297876685857772,0.1757880747318267,0.2494058161973953,0.2962701618671417,0.3703015744686126
474,0.0474916473031044,0.1006502956151962,0.13058702647686,0.1801198869943618,0.232350081205368,0.2811543941497803,0.3889810442924499
475,0.0416594557464122,0.0889956504106521,0.1575136631727218,0.1924241483211517,0.2572007179260254,0.2982027232646942,0.3611974418163299
476,0.0506332144141197,0.1004018411040306,0.1407752186059951,0.1831759959459304,0.2590494751930237,0.3014091253280639,0.3714007139205932
477,0.0657831951975822,0.0993784964084625,0.1506470590829849,0.1707615703344345,0.2452290058135986,0.3085240125656128,0.3603619337081909
478,0.0441559143364429,0.0928681567311286,0.1495361924171447,0.1709082871675491,0.253062903881073,0.287164956331253,0.350692868232727
479,0.033016636967659,0.0945264101028442,0.1443198174238205,0.1802744418382644,0.238870769739151,0.3017978966236114,0.3699721097946167
480,0.0583900026977062,0.1062045395374298,0.1295268088579177,0.1801018267869949,0.2513657808303833,0.2915449142456054,0.3686027526855469
481,0.033672846853733,0.0931666940450668,0.139642596244812,0.2003039270639419,0.2490232735872268,0.3087254464626312,0.3770993947982788
482,0.044119942933321,0.0981481149792671,0.1439932435750961,0.1957282274961471,0.2599142789840698,0.2829639315605163,0.3590738177299499
483,0.0370416007936,0.0961161851882934,0.1404056698083877,0.1968910992145538,0.2519456744194031,0.3066962361335754,0.3671181499958038
484,0.0292427167296409,0.0883526429533958,0.1435667276382446,0.1954451948404312,0.2636911571025848,0.2859660387039184,0.3319777250289917
485,0.0517416335642337,0.1090283840894699,0.1272457540035247,0.1878419816493988,0.2623161375522613,0.2904464602470398,0.3808655440807342
486,0.0492929406464099,0.0981070101261138,0.149818480014801,0.1669192761182785,0.258098691701889,0.3137430548667907,0.3640046417713165
487,0.0616264306008815,0.0972051545977592,0.1523995548486709,0.1984036266803741,0.2375365495681762,0.3055256903171539,0.3787670135498047
488,0.062103297561407,0.0767093226313591,0.1548242270946502,0.1785685271024704,0.2429548352956771,0.2997405230998993,0.3771381378173828
489,0.0551826618611812,0.0899940729141235,0.1410891860723495,0.1971429139375686,0.2548806965351105,0.2896937429904938,0.3651032745838165
490,0.0550395064055919,0.086701862514019,0.1438420265913009,0.1732846647500991,0.2601701319217682,0.3028874397277832,0.3717870414257049
491,0.0685461163520813,0.1049438863992691,0.161083310842514,0.1767129749059677,0.2381608188152313,0.2920302748680115,0.3746220171451568
492,0.0259266123175621,0.0971977338194847,0.1554275304079055,0.1970000118017196,0.2448681145906448,0.2961781919002533,0.3702740371227264
493,0.0494497008621692,0.0870026126503944,0.161338061094284,0.1769109368324279,0.2599133253097534,0.3052586913108825,0.3512753844261169
494,0.0436949506402015,0.0945769697427749,0.1561278104782104,0.2106722891330719,0.2482180595397949,0.318547636270523,0.3571093678474426
495,0.0240403618663549,0.1136770546436309,0.1469976007938385,0.1834231913089752,0.2501906156539917,0.3185404241085052,0.399237185716629
496,0.0400791130959987,0.1001344844698906,0.151923194527626,0.1879301220178604,0.2373921126127243,0.2982328832149505,0.3761805295944214
497,0.0564729236066341,0.1083851307630539,0.1614453792572021,0.1874888688325882,0.2491932958364486,0.2937863171100616,0.3555749952793121
498,0.0319271236658096,0.1072615161538124,0.1523878872394561,0.184622585773468,0.2580597996711731,0.3104462325572967,0.3679600954055786
499,0.0575566850602626,0.0966619476675987,0.1534955501556396,0.2012434154748916,0.2327062785625457,0.3040113449096679,0.3824458420276642
