Iteration,Final_X,Final_Y,Final_Yaw_Rad,Final_Yaw_Deg
1,0.006531974882929551,-0.008320300675769169,1.5720863781098577,90.07391449570258
2,0.006526407101137224,-0.008324120073170375,1.5720967875352743,90.0745109118461
3,0.006537410776859859,-0.008324402161885451,1.57209189399132,90.07423053243066
4,0.0065395999211671635,-0.008325527038865906,1.572124756973707,90.07611344262364
5,0.006527531001245223,-0.008323568809186378,1.572001490278412,90.06905078122873
6,0.006526089769881672,-0.008324026037365989,1.5720951790662594,90.07441875336008
7,0.0065335560909498425,-0.008324471406125777,1.572165340009097,90.07843867927131
8,0.006526491347954717,-0.008324103415934571,1.5721021318685247,90.07481711958566
9,0.006539122703311748,-0.008325359451269514,1.5720892682565895,90.07408008891248
10,0.006526399221792835,-0.008324141721685227,1.5720966387543247,90.07450238732562
11,0.006533196708075823,-0.008325516562501573,1.5720641572810303,90.07264133599348
12,0.0065374102524744715,-0.00832439220097431,1.5720921859661827,90.07424726135801
13,0.006538008471803188,-0.008325352453247586,1.572105331182946,90.07500042679933
14,0.006539433449661753,-0.008325499215518978,1.572125999775503,90.07618464992133
15,0.006533220407442377,-0.008325509341104305,1.5720642048701428,90.07264406264878
16,0.00653744772773281,-0.008324415742741542,1.572092047557285,90.07423933111234
17,0.006558806478803337,-0.008327291148687252,1.5746431352160228,90.22040588712592
18,0.006526246094355032,-0.008323978725823987,1.5720968870144778,90.07451661158461
19,0.006538669802185754,-0.008325331560125644,1.5720951087020427,90.07441472178742
20,0.0065336005693899255,-0.008324496565348371,1.5721661431538347,90.07848469607514
