,t = 2.5,t = 5,t = 7.5
0,0.0199178585864885,0.0199598445001038,0.0199739010877025
1,0.0199173109423125,0.019958999585833,0.0199729650579915
2,0.0199171567932695,0.0199598809873427,0.0199738695704802
3,0.0199137290240294,0.0199598826613294,0.0199736390357436
4,0.0199177034910494,0.0199597524848029,0.0199729551870933
5,0.0199151001946243,0.0199195870687832,0.019973783364627
6,0.0199178548722443,0.0199589865348031,0.0199740347875626
7,0.0199161241005765,0.0199585119251113,0.0199470901905661
8,0.0199152576470809,0.0199585745097766,0.0199728918312532
9,0.0199143972436073,0.0199595198559315,0.0199732784479972
10,0.0199150998892329,0.0199598704077567,0.0199739442017913
11,0.019917550709269,0.0199592813068398,0.0199737800254031
12,0.0199161601194652,0.0199585031373628,0.0199739451871731
13,0.0199150165583969,0.0199597764242386,0.0199732431274864
14,0.0199152381122948,0.0199589351932378,0.0199726308764416
15,0.0199152685643832,0.019958737126836,0.0199730180568293
16,0.019917658312747,0.0199191797342257,0.0199729587157194
17,0.0199178607716589,0.0199585250077238,0.0199737552175793
18,0.0199180038025303,0.0199599070057166,0.0199470958238792
19,0.0199145619318168,0.0199597390182544,0.0199731410472033
20,0.01991630990439,0.0199586080874556,0.0199729370460949
21,0.0199162665664485,0.0199585169616564,0.0199737072301493
22,0.019918002471305,0.0199600751852325,0.0199728731905376
23,0.0199151114070181,0.0199590139916968,0.0199737866358243
24,0.0199160633729532,0.0199594833630166,0.019973801114004
25,0.0199169527271523,0.0199586322989261,0.0199731858503476
26,0.0199152342477597,0.0199587276825535,0.0199729711000799
27,0.0199178345375225,0.0199599103667857,0.0199732388961422
28,0.0199150819153286,0.0199597969768361,0.0199738083885465
29,0.0199145830393598,0.0199598880665383,0.0199736941100535
30,0.0199179055095807,0.0199586034015765,0.0199738685652886
31,0.0199160986899979,0.0199585032729031,0.019973870116078
32,0.0199160769637139,0.0199586115698724,0.0199738558945624
33,0.0199162686671271,0.0199585810842379,0.019946283606899
34,0.0199161363260674,0.0199586015209095,0.0199738501723661
35,0.0199152579026802,0.0199599243496537,0.0199737583279195
36,0.01991757696692,0.019958314226373,0.019972894112763
37,0.0199163438348646,0.0199585220298444,0.0199729610221392
38,0.0199164559112753,0.0199599115716172,0.0199738303223505
39,0.0199162051667061,0.0199598339383274,0.0199737157850936
40,0.0198379264540869,0.019958395582695,0.019974055931368
41,0.0199151012344837,0.0199584903586086,0.0199729040046242
42,0.0199152390106343,0.0199185629473295,0.0199726292705457
43,0.0199179868813716,0.0199600439966219,0.0199729027766176
44,0.0199152177730736,0.0199595050897664,0.0199738705090913
45,0.0199151275537351,0.0199598404701157,0.019973816907335
46,0.0199159959234746,0.0199583595822578,0.0199726906977145
47,0.0199152731588048,0.0199599078363458,0.0199738782867202
48,0.0199174522026756,0.0199600345197249,0.0199739956910673
49,0.0199152227342702,0.0199590521184808,0.0199729652948605
